synthetic,machine,work,acdc,gear,pl1_w,freq_ghz,cpu_util,gpu_util,perf_score,power_w,temp_c,fluency_violation,policy_ver,fence_ver,envelope_ver
1,B,W0,AC,Quiet,25,3.8,34.1,18.6,52.6,26.6,56.9,0,stub-1,1.0,1.0
1,B,W1,AC,Quiet,25,3.8,10.2,50.7,45.9,23.1,57.5,0,stub-1,1.0,1.0
1,B,W2,AC,Quiet,25,3.8,11.3,13.2,41.9,23.0,57.8,0,stub-1,1.0,1.0
1,B,W3,AC,Quiet,25,3.8,90.3,56.9,70.5,37.5,64.6,0,stub-1,1.0,1.0
1,B,W4,AC,Quiet,25,3.8,9.2,82.3,45.9,21.8,57.6,0,stub-1,1.0,1.0
1,B,W5,AC,Quiet,25,3.8,21.3,57.3,51.4,22.7,55.8,0,stub-1,1.0,1.0
1,B,W6,AC,Quiet,25,3.8,54.3,10.7,60.8,33.0,59.9,0,stub-1,1.0,1.0
1,B,W7,AC,Quiet,25,3.8,33.3,57.7,50.1,25.4,58.3,0,stub-1,1.0,1.0
1,B,W0,DC,Quiet,25,3.8,76.5,67.9,65.3,40.9,60.3,0,stub-1,1.0,1.0
1,B,W1,DC,Quiet,25,3.8,70.7,30.9,62.5,37.7,62.1,0,stub-1,1.0,1.0
1,B,W2,DC,Quiet,25,3.8,42.6,73.1,57.6,31.4,62.1,0,stub-1,1.0,1.0
1,B,W3,DC,Quiet,25,3.8,56.6,83.8,60.6,31.9,62.3,0,stub-1,1.0,1.0
1,B,W4,DC,Quiet,25,3.8,58.5,57.2,54.6,34.6,62.7,0,stub-1,1.0,1.0
1,B,W5,DC,Quiet,25,3.8,10.5,68.1,45.5,17.3,51.3,0,stub-1,1.0,1.0
1,B,W6,DC,Quiet,25,3.8,79.0,30.6,62.5,40.9,65.0,0,stub-1,1.0,1.0
1,B,W7,DC,Quiet,25,3.8,20.1,15.5,49.8,26.8,59.3,0,stub-1,1.0,1.0
1,B,W0,AC,Quiet,25,3.8,16.6,27.3,43.7,25.3,59.3,0,stub-1,1.0,1.0
1,B,W1,AC,Quiet,25,3.8,54.4,84.5,60.5,34.2,58.3,0,stub-1,1.0,1.0
1,B,W2,AC,Quiet,25,3.8,30.1,42.4,48.2,29.4,60.1,0,stub-1,1.0,1.0
1,B,W3,AC,Quiet,25,3.8,25.9,26.0,50.5,22.4,57.0,0,stub-1,1.0,1.0
1,B,W4,AC,Quiet,25,3.8,28.6,5.4,49.2,26.8,55.0,0,stub-1,1.0,1.0
1,B,W5,AC,Quiet,25,3.8,51.4,60.6,55.1,31.4,59.6,0,stub-1,1.0,1.0
1,B,W6,AC,Quiet,25,3.8,86.0,75.2,71.5,38.2,61.2,0,stub-1,1.0,1.0
1,B,W7,AC,Quiet,25,3.8,14.3,62.1,49.6,22.8,57.2,0,stub-1,1.0,1.0
1,B,W0,DC,Balance,40,4.8,23.8,19.6,61.3,36.1,62.5,0,stub-1,1.0,1.0
1,B,W1,DC,Balance,40,4.8,14.1,37.7,59.2,37.1,62.5,0,stub-1,1.0,1.0
1,B,W2,DC,Balance,40,4.8,60.3,18.4,72.0,46.9,64.9,0,stub-1,1.0,1.0
1,B,W3,DC,Balance,40,4.8,94.4,46.9,82.8,53.1,67.6,0,stub-1,1.0,1.0
1,B,W4,DC,Balance,40,4.8,14.2,35.8,58.7,36.8,62.1,0,stub-1,1.0,1.0
1,B,W5,DC,Balance,40,4.8,52.5,18.2,70.5,42.6,63.8,0,stub-1,1.0,1.0
1,B,W6,DC,Balance,40,4.8,52.5,93.1,72.9,40.7,63.2,0,stub-1,1.0,1.0
1,B,W7,DC,Balance,40,4.8,20.0,74.5,63.7,31.2,59.4,0,stub-1,1.0,1.0
1,B,W0,AC,Balance,40,4.8,34.7,25.1,68.2,33.0,62.2,0,stub-1,1.0,1.0
1,B,W1,AC,Balance,40,4.8,78.6,71.6,72.9,50.2,68.4,0,stub-1,1.0,1.0
1,B,W2,AC,Balance,40,4.8,37.0,7.6,68.0,39.3,62.6,0,stub-1,1.0,1.0
1,B,W3,AC,Balance,40,4.8,45.3,89.3,72.5,46.1,64.9,0,stub-1,1.0,1.0
1,B,W4,AC,Balance,40,4.8,37.8,24.8,66.1,40.5,63.8,0,stub-1,1.0,1.0
1,B,W5,AC,Balance,40,4.8,80.6,48.2,81.8,48.3,63.7,0,stub-1,1.0,1.0
1,B,W6,AC,Balance,40,4.8,12.6,64.5,63.2,30.8,59.8,0,stub-1,1.0,1.0
1,B,W7,AC,Balance,40,4.8,21.1,76.0,57.7,33.1,62.9,0,stub-1,1.0,1.0
1,B,W0,DC,Balance,40,4.8,92.4,40.6,75.2,56.3,68.5,0,stub-1,1.0,1.0
1,B,W1,DC,Balance,40,4.8,16.4,18.6,58.0,36.7,60.3,0,stub-1,1.0,1.0
1,B,W2,DC,Balance,40,4.8,18.2,79.4,64.6,33.8,59.7,0,stub-1,1.0,1.0
1,B,W3,DC,Balance,40,4.8,6.3,92.4,60.0,29.6,57.9,0,stub-1,1.0,1.0
1,B,W4,DC,Balance,40,4.8,89.0,44.0,84.0,49.8,66.7,0,stub-1,1.0,1.0
1,B,W5,DC,Balance,40,4.8,26.6,57.8,64.9,36.2,63.2,0,stub-1,1.0,1.0
1,B,W6,DC,Balance,40,4.8,16.8,86.9,57.9,35.5,58.6,0,stub-1,1.0,1.0
1,B,W7,DC,Balance,40,4.8,42.9,87.6,63.9,38.1,62.3,0,stub-1,1.0,1.0
1,B,W0,AC,Beast,65,5.0,52.1,6.7,70.3,61.8,73.3,0,stub-1,1.0,1.0
1,B,W1,AC,Beast,65,5.0,20.5,47.6,63.4,52.7,65.6,0,stub-1,1.0,1.0
1,B,W2,AC,Beast,65,5.0,34.3,51.7,62.2,55.5,69.9,0,stub-1,1.0,1.0
1,B,W3,AC,Beast,65,5.0,29.9,74.5,68.3,53.0,67.5,0,stub-1,1.0,1.0
1,B,W4,AC,Beast,65,5.0,73.4,87.1,74.2,67.8,70.9,0,stub-1,1.0,1.0
1,B,W5,AC,Beast,65,5.0,45.7,53.0,70.2,54.9,68.7,0,stub-1,1.0,1.0
1,B,W6,AC,Beast,65,5.0,67.9,83.9,78.7,64.9,68.4,0,stub-1,1.0,1.0
1,B,W7,AC,Beast,65,5.0,80.6,17.3,77.4,70.3,74.7,0,stub-1,1.0,1.0
1,B,W0,DC,Beast,65,5.0,11.5,26.7,64.7,52.1,67.9,0,stub-1,1.0,1.0
1,B,W1,DC,Beast,65,5.0,18.9,69.5,56.5,52.1,66.5,0,stub-1,1.0,1.0
1,B,W2,DC,Beast,65,5.0,84.5,92.1,82.6,74.6,73.7,0,stub-1,1.0,1.0
1,B,W3,DC,Beast,65,5.0,79.9,19.5,81.9,66.4,73.0,0,stub-1,1.0,1.0
1,B,W4,DC,Beast,65,5.0,35.5,22.6,65.4,59.9,71.9,0,stub-1,1.0,1.0
1,B,W5,DC,Beast,65,5.0,6.6,34.8,59.8,47.8,64.5,0,stub-1,1.0,1.0
1,B,W6,DC,Beast,65,5.0,10.8,93.7,62.4,45.4,65.8,0,stub-1,1.0,1.0
1,B,W7,DC,Beast,65,5.0,8.6,75.1,61.3,49.9,67.2,0,stub-1,1.0,1.0
1,B,W0,AC,Beast,65,5.0,43.0,87.0,70.5,57.6,71.1,0,stub-1,1.0,1.0
1,B,W1,AC,Beast,65,5.0,56.4,68.0,78.7,63.0,71.3,0,stub-1,1.0,1.0
1,B,W2,AC,Beast,65,5.0,66.9,43.3,82.6,67.3,70.7,1,stub-1,1.0,1.0
1,B,W3,AC,Beast,65,5.0,82.1,11.0,76.4,70.5,72.4,0,stub-1,1.0,1.0
1,B,W4,AC,Beast,65,5.0,35.5,54.8,69.6,56.3,70.0,0,stub-1,1.0,1.0
1,B,W5,AC,Beast,65,5.0,14.9,19.5,64.3,52.9,67.8,0,stub-1,1.0,1.0
1,B,W6,AC,Beast,65,5.0,33.1,32.5,66.9,54.7,67.2,0,stub-1,1.0,1.0
1,B,W7,AC,Beast,65,5.0,36.2,6.6,67.6,57.2,69.3,0,stub-1,1.0,1.0
1,B,W0,DC,Extreme,65,5.2,71.0,54.6,80.9,68.3,73.6,0,stub-1,1.0,1.0
1,B,W1,DC,Extreme,65,5.2,78.7,43.9,81.3,64.4,71.6,0,stub-1,1.0,1.0
1,B,W2,DC,Extreme,65,5.2,40.4,50.6,67.9,53.0,66.0,0,stub-1,1.0,1.0
1,B,W3,DC,Extreme,65,5.2,62.2,41.4,82.0,63.6,71.7,0,stub-1,1.0,1.0
1,B,W4,DC,Extreme,65,5.2,16.7,11.4,64.3,50.6,67.0,0,stub-1,1.0,1.0
1,B,W5,DC,Extreme,65,5.2,83.3,65.3,84.2,69.1,74.3,0,stub-1,1.0,1.0
1,B,W6,DC,Extreme,65,5.2,31.4,46.4,70.4,57.7,68.9,0,stub-1,1.0,1.0
1,B,W7,DC,Extreme,65,5.2,92.5,54.2,93.3,72.0,78.1,0,stub-1,1.0,1.0
1,B,W0,AC,Extreme,65,5.2,32.9,37.1,71.9,56.3,67.0,0,stub-1,1.0,1.0
1,B,W1,AC,Extreme,65,5.2,23.1,50.4,66.8,55.3,68.4,0,stub-1,1.0,1.0
1,B,W2,AC,Extreme,65,5.2,13.1,41.0,64.1,51.3,66.6,0,stub-1,1.0,1.0
1,B,W3,AC,Extreme,65,5.2,52.6,72.5,76.6,59.7,67.9,0,stub-1,1.0,1.0
1,B,W4,AC,Extreme,65,5.2,84.1,40.1,79.4,74.8,76.6,0,stub-1,1.0,1.0
1,B,W5,AC,Extreme,65,5.2,8.9,80.2,66.2,52.3,66.0,0,stub-1,1.0,1.0
1,B,W6,AC,Extreme,65,5.2,71.0,78.1,82.0,68.1,70.0,0,stub-1,1.0,1.0
1,B,W7,AC,Extreme,65,5.2,77.4,79.4,81.3,64.3,69.9,0,stub-1,1.0,1.0
1,B,W0,DC,Extreme,65,5.2,66.5,67.4,78.5,65.6,72.9,0,stub-1,1.0,1.0
1,B,W1,DC,Extreme,65,5.2,14.4,80.2,65.9,48.9,65.4,0,stub-1,1.0,1.0
1,B,W2,DC,Extreme,65,5.2,61.4,66.3,76.7,63.7,72.0,0,stub-1,1.0,1.0
1,B,W3,DC,Extreme,65,5.2,53.2,64.3,69.9,64.6,72.6,0,stub-1,1.0,1.0
1,B,W4,DC,Extreme,65,5.2,27.7,11.7,67.1,58.2,70.1,0,stub-1,1.0,1.0
1,B,W5,DC,Extreme,65,5.2,49.5,39.4,78.4,57.6,69.5,0,stub-1,1.0,1.0
1,B,W6,DC,Extreme,65,5.2,74.0,60.5,79.8,66.4,72.9,0,stub-1,1.0,1.0
1,B,W7,DC,Extreme,65,5.2,71.9,32.4,81.8,66.2,72.1,0,stub-1,1.0,1.0
1,B,W0,AC,Quiet,25,3.8,10.5,29.2,44.5,18.4,54.9,0,stub-1,1.0,1.0
1,B,W1,AC,Quiet,25,3.8,51.5,46.8,55.9,30.8,59.9,0,stub-1,1.0,1.0
1,B,W2,AC,Quiet,25,3.8,85.4,22.9,74.6,39.9,64.6,0,stub-1,1.0,1.0
1,B,W3,AC,Quiet,25,3.8,92.1,45.5,69.9,42.2,64.8,0,stub-1,1.0,1.0
1,B,W4,AC,Quiet,25,3.8,90.1,24.0,67.5,41.3,59.8,0,stub-1,1.0,1.0
1,B,W5,AC,Quiet,25,3.8,78.8,50.8,64.7,41.2,61.9,0,stub-1,1.0,1.0
1,B,W6,AC,Quiet,25,3.8,25.8,85.8,50.3,25.1,59.5,0,stub-1,1.0,1.0
1,B,W7,AC,Quiet,25,3.8,45.6,32.2,56.5,31.4,61.1,0,stub-1,1.0,1.0
1,B,W0,DC,Quiet,25,3.8,33.4,80.6,58.1,27.1,58.9,0,stub-1,1.0,1.0
1,B,W1,DC,Quiet,25,3.8,88.4,69.2,67.2,42.7,63.2,0,stub-1,1.0,1.0
1,B,W2,DC,Quiet,25,3.8,38.5,40.4,58.5,28.4,57.9,0,stub-1,1.0,1.0
1,B,W3,DC,Quiet,25,3.8,9.3,14.2,48.8,21.6,55.5,0,stub-1,1.0,1.0
1,B,W4,DC,Quiet,25,3.8,89.2,27.4,68.3,43.9,64.9,0,stub-1,1.0,1.0
1,B,W5,DC,Quiet,25,3.8,84.6,78.1,70.1,37.4,59.6,0,stub-1,1.0,1.0
1,B,W6,DC,Quiet,25,3.8,89.7,54.4,68.6,41.1,63.2,0,stub-1,1.0,1.0
1,B,W7,DC,Quiet,25,3.8,72.7,63.0,60.8,37.1,62.5,0,stub-1,1.0,1.0
1,B,W0,AC,Quiet,25,3.8,88.4,16.5,65.7,41.7,62.9,0,stub-1,1.0,1.0
1,B,W1,AC,Quiet,25,3.8,92.9,28.4,74.4,41.6,62.5,0,stub-1,1.0,1.0
1,B,W2,AC,Quiet,25,3.8,55.2,40.5,60.0,33.7,61.7,0,stub-1,1.0,1.0
1,B,W3,AC,Quiet,25,3.8,24.8,86.6,56.9,27.0,58.4,0,stub-1,1.0,1.0
1,B,W4,AC,Quiet,25,3.8,17.6,22.3,50.9,23.9,58.3,0,stub-1,1.0,1.0
1,B,W5,AC,Quiet,25,3.8,56.3,84.9,60.7,33.0,59.0,0,stub-1,1.0,1.0
1,B,W6,AC,Quiet,25,3.8,42.2,52.2,53.6,30.6,60.8,0,stub-1,1.0,1.0
1,B,W7,AC,Quiet,25,3.8,92.1,16.3,70.4,39.5,62.8,0,stub-1,1.0,1.0
1,B,W0,DC,Balance,40,4.8,82.7,24.4,78.0,52.4,66.0,0,stub-1,1.0,1.0
1,B,W1,DC,Balance,40,4.8,90.9,81.4,82.6,53.3,67.4,0,stub-1,1.0,1.0
1,B,W2,DC,Balance,40,4.8,7.9,68.9,60.1,30.1,59.5,0,stub-1,1.0,1.0
1,B,W3,DC,Balance,40,4.8,88.4,79.3,79.9,55.7,65.3,0,stub-1,1.0,1.0
1,B,W4,DC,Balance,40,4.8,27.4,14.8,64.9,38.5,61.0,0,stub-1,1.0,1.0
1,B,W5,DC,Balance,40,4.8,63.3,73.8,66.4,43.4,64.7,0,stub-1,1.0,1.0
1,B,W6,DC,Balance,40,4.8,8.6,75.4,58.3,36.1,60.9,0,stub-1,1.0,1.0
1,B,W7,DC,Balance,40,4.8,16.5,27.7,57.8,31.7,58.3,0,stub-1,1.0,1.0
1,B,W0,AC,Balance,40,4.8,15.1,11.3,55.5,32.9,59.7,0,stub-1,1.0,1.0
1,B,W1,AC,Balance,40,4.8,59.1,5.9,73.1,44.1,66.0,0,stub-1,1.0,1.0
1,B,W2,AC,Balance,40,4.8,91.3,63.0,83.3,51.6,67.2,0,stub-1,1.0,1.0
1,B,W3,AC,Balance,40,4.8,68.4,32.7,76.6,49.5,66.6,0,stub-1,1.0,1.0
1,B,W4,AC,Balance,40,4.8,65.7,42.8,73.4,49.4,67.3,1,stub-1,1.0,1.0
1,B,W5,AC,Balance,40,4.8,35.4,42.9,64.1,38.1,61.4,0,stub-1,1.0,1.0
1,B,W6,AC,Balance,40,4.8,76.7,71.5,74.7,49.3,67.5,0,stub-1,1.0,1.0
1,B,W7,AC,Balance,40,4.8,78.8,25.8,76.8,50.5,69.2,0,stub-1,1.0,1.0
1,B,W0,DC,Balance,40,4.8,31.5,90.7,62.1,37.6,62.4,0,stub-1,1.0,1.0
1,B,W1,DC,Balance,40,4.8,64.9,90.4,76.4,47.5,66.8,0,stub-1,1.0,1.0
1,B,W2,DC,Balance,40,4.8,24.2,92.7,62.6,36.2,63.1,0,stub-1,1.0,1.0
1,B,W3,DC,Balance,40,4.8,84.5,70.9,80.0,56.0,68.5,0,stub-1,1.0,1.0
1,B,W4,DC,Balance,40,4.8,34.6,21.7,69.5,37.1,64.2,0,stub-1,1.0,1.0
1,B,W5,DC,Balance,40,4.8,38.6,34.9,66.9,39.5,62.9,0,stub-1,1.0,1.0
1,B,W6,DC,Balance,40,4.8,30.2,36.6,65.1,37.0,62.9,0,stub-1,1.0,1.0
1,B,W7,DC,Balance,40,4.8,37.1,78.9,65.1,40.0,61.6,0,stub-1,1.0,1.0
1,B,W0,AC,Beast,65,5.0,9.4,47.6,55.4,53.4,68.2,0,stub-1,1.0,1.0
1,B,W1,AC,Beast,65,5.0,85.7,7.7,84.2,67.0,73.9,0,stub-1,1.0,1.0
1,B,W2,AC,Beast,65,5.0,74.0,8.7,79.3,67.2,73.5,0,stub-1,1.0,1.0
1,B,W3,AC,Beast,65,5.0,85.9,35.5,80.4,69.4,77.0,0,stub-1,1.0,1.0
1,B,W4,AC,Beast,65,5.0,60.5,28.6,73.9,61.8,70.6,0,stub-1,1.0,1.0
1,B,W5,AC,Beast,65,5.0,87.5,62.1,82.3,70.9,73.7,0,stub-1,1.0,1.0
1,B,W6,AC,Beast,65,5.0,26.0,47.8,72.0,53.2,66.8,0,stub-1,1.0,1.0
1,B,W7,AC,Beast,65,5.0,43.7,49.4,71.2,60.3,69.7,0,stub-1,1.0,1.0
1,B,W0,DC,Beast,65,5.0,77.2,71.5,81.4,64.8,70.6,0,stub-1,1.0,1.0
1,B,W1,DC,Beast,65,5.0,33.8,37.6,65.3,56.7,68.3,0,stub-1,1.0,1.0
1,B,W2,DC,Beast,65,5.0,22.8,72.8,63.9,54.4,69.9,0,stub-1,1.0,1.0
1,B,W3,DC,Beast,65,5.0,93.2,84.5,84.4,73.6,74.7,0,stub-1,1.0,1.0
1,B,W4,DC,Beast,65,5.0,12.6,13.7,56.3,51.1,65.8,0,stub-1,1.0,1.0
1,B,W5,DC,Beast,65,5.0,60.8,65.7,75.2,63.5,68.3,0,stub-1,1.0,1.0
1,B,W6,DC,Beast,65,5.0,64.8,15.9,77.0,63.2,69.8,0,stub-1,1.0,1.0
1,B,W7,DC,Beast,65,5.0,71.4,22.9,76.3,66.4,73.4,0,stub-1,1.0,1.0
1,B,W0,AC,Beast,65,5.0,18.8,84.6,60.4,51.8,63.4,0,stub-1,1.0,1.0
1,B,W1,AC,Beast,65,5.0,50.7,25.8,77.4,62.0,68.7,0,stub-1,1.0,1.0
1,B,W2,AC,Beast,65,5.0,94.2,14.2,78.4,72.8,76.3,1,stub-1,1.0,1.0
1,B,W3,AC,Beast,65,5.0,31.4,15.7,60.7,57.9,73.0,0,stub-1,1.0,1.0
1,B,W4,AC,Beast,65,5.0,57.5,88.7,69.4,65.6,70.9,0,stub-1,1.0,1.0
1,B,W5,AC,Beast,65,5.0,90.1,14.5,83.5,68.9,71.9,0,stub-1,1.0,1.0
1,B,W6,AC,Beast,65,5.0,24.6,38.2,65.7,55.2,68.3,0,stub-1,1.0,1.0
1,B,W7,AC,Beast,65,5.0,63.6,23.3,79.4,66.1,72.2,0,stub-1,1.0,1.0
1,B,W0,DC,Extreme,65,5.2,66.0,21.7,77.5,66.2,72.7,0,stub-1,1.0,1.0
1,B,W1,DC,Extreme,65,5.2,10.7,14.1,59.2,48.6,67.2,0,stub-1,1.0,1.0
1,B,W2,DC,Extreme,65,5.2,62.5,13.2,79.7,66.7,71.3,0,stub-1,1.0,1.0
1,B,W3,DC,Extreme,65,5.2,90.8,33.1,86.5,69.7,72.8,0,stub-1,1.0,1.0
1,B,W4,DC,Extreme,65,5.2,42.5,82.8,74.5,58.8,70.4,0,stub-1,1.0,1.0
1,B,W5,DC,Extreme,65,5.2,5.5,86.1,65.9,45.9,66.4,0,stub-1,1.0,1.0
1,B,W6,DC,Extreme,65,5.2,41.6,84.5,69.7,58.9,71.5,0,stub-1,1.0,1.0
1,B,W7,DC,Extreme,65,5.2,62.7,86.9,77.7,66.4,73.4,0,stub-1,1.0,1.0
1,B,W0,AC,Extreme,65,5.2,38.4,50.4,72.0,59.0,66.3,0,stub-1,1.0,1.0
1,B,W1,AC,Extreme,65,5.2,14.8,49.1,63.0,53.4,64.0,0,stub-1,1.0,1.0
1,B,W2,AC,Extreme,65,5.2,22.8,16.4,73.8,51.8,66.6,0,stub-1,1.0,1.0
1,B,W3,AC,Extreme,65,5.2,39.9,86.4,71.1,55.4,66.5,0,stub-1,1.0,1.0
1,B,W4,AC,Extreme,65,5.2,19.4,75.7,65.8,54.8,69.8,0,stub-1,1.0,1.0
1,B,W5,AC,Extreme,65,5.2,24.6,41.0,62.1,52.2,67.1,0,stub-1,1.0,1.0
1,B,W6,AC,Extreme,65,5.2,16.1,27.2,63.3,47.7,67.6,0,stub-1,1.0,1.0
1,B,W7,AC,Extreme,65,5.2,73.2,8.4,81.3,67.3,71.9,0,stub-1,1.0,1.0
1,B,W0,DC,Extreme,65,5.2,59.0,54.5,74.5,61.9,68.9,0,stub-1,1.0,1.0
1,B,W1,DC,Extreme,65,5.2,43.3,64.3,73.8,57.0,69.5,0,stub-1,1.0,1.0
1,B,W2,DC,Extreme,65,5.2,7.1,60.7,59.6,49.7,66.6,0,stub-1,1.0,1.0
1,B,W3,DC,Extreme,65,5.2,21.2,47.6,60.5,54.1,68.4,0,stub-1,1.0,1.0
1,B,W4,DC,Extreme,65,5.2,43.8,13.3,68.7,60.0,72.1,1,stub-1,1.0,1.0
1,B,W5,DC,Extreme,65,5.2,71.0,75.0,80.8,65.6,71.9,0,stub-1,1.0,1.0
1,B,W6,DC,Extreme,65,5.2,50.4,39.0,75.4,60.5,73.3,0,stub-1,1.0,1.0
1,B,W7,DC,Extreme,65,5.2,70.9,78.3,71.8,68.2,76.8,0,stub-1,1.0,1.0
1,B,W0,AC,Quiet,25,3.8,49.3,91.1,59.1,30.6,60.5,0,stub-1,1.0,1.0
1,B,W1,AC,Quiet,25,3.8,10.9,36.6,40.0,21.3,55.6,0,stub-1,1.0,1.0
1,B,W2,AC,Quiet,25,3.8,85.7,29.7,68.4,39.6,59.5,0,stub-1,1.0,1.0
1,B,W3,AC,Quiet,25,3.8,28.7,50.5,51.6,25.6,58.3,0,stub-1,1.0,1.0
1,B,W4,AC,Quiet,25,3.8,21.4,19.5,53.9,22.8,57.7,0,stub-1,1.0,1.0
1,B,W5,AC,Quiet,25,3.8,15.4,52.8,46.9,21.1,55.3,0,stub-1,1.0,1.0
1,B,W6,AC,Quiet,25,3.8,83.6,55.0,61.7,38.1,66.1,0,stub-1,1.0,1.0
1,B,W7,AC,Quiet,25,3.8,61.7,40.5,66.7,34.9,60.1,0,stub-1,1.0,1.0
1,B,W0,DC,Quiet,25,3.8,94.1,57.0,66.8,45.5,64.0,0,stub-1,1.0,1.0
1,B,W1,DC,Quiet,25,3.8,71.9,9.3,64.5,37.7,61.2,0,stub-1,1.0,1.0
1,B,W2,DC,Quiet,25,3.8,62.5,93.6,57.4,33.1,60.6,1,stub-1,1.0,1.0
1,B,W3,DC,Quiet,25,3.8,18.4,60.4,49.0,21.0,57.1,0,stub-1,1.0,1.0
1,B,W4,DC,Quiet,25,3.8,85.6,16.9,68.3,43.5,64.3,0,stub-1,1.0,1.0
1,B,W5,DC,Quiet,25,3.8,14.6,37.1,47.8,22.6,58.9,0,stub-1,1.0,1.0
1,B,W6,DC,Quiet,25,3.8,58.0,23.4,57.5,31.9,62.5,0,stub-1,1.0,1.0
1,B,W7,DC,Quiet,25,3.8,26.9,18.4,56.5,27.7,59.9,0,stub-1,1.0,1.0
1,B,W0,AC,Quiet,25,3.8,83.4,75.4,65.1,41.0,65.5,0,stub-1,1.0,1.0
1,B,W1,AC,Quiet,25,3.8,55.6,36.5,59.6,31.5,58.7,0,stub-1,1.0,1.0
1,B,W2,AC,Quiet,25,3.8,89.3,71.0,68.8,45.9,66.9,0,stub-1,1.0,1.0
1,B,W3,AC,Quiet,25,3.8,26.4,10.3,52.1,25.3,57.6,0,stub-1,1.0,1.0
1,B,W4,AC,Quiet,25,3.8,54.6,89.7,60.2,33.6,59.4,0,stub-1,1.0,1.0
1,B,W5,AC,Quiet,25,3.8,78.2,20.7,63.4,38.1,63.5,0,stub-1,1.0,1.0
1,B,W6,AC,Quiet,25,3.8,9.4,85.0,47.3,17.7,58.1,0,stub-1,1.0,1.0
1,B,W7,AC,Quiet,25,3.8,72.1,46.9,64.1,37.0,60.3,0,stub-1,1.0,1.0
1,B,W0,DC,Balance,40,4.8,25.3,14.5,62.4,36.5,60.5,0,stub-1,1.0,1.0
1,B,W1,DC,Balance,40,4.8,67.6,81.1,78.4,46.6,64.2,0,stub-1,1.0,1.0
1,B,W2,DC,Balance,40,4.8,54.8,44.2,71.4,41.3,63.2,0,stub-1,1.0,1.0
1,B,W3,DC,Balance,40,4.8,24.5,84.2,66.3,37.3,62.2,0,stub-1,1.0,1.0
1,B,W4,DC,Balance,40,4.8,26.2,71.9,67.2,35.1,59.8,0,stub-1,1.0,1.0
1,B,W5,DC,Balance,40,4.8,26.5,86.7,68.1,34.2,59.3,0,stub-1,1.0,1.0
1,B,W6,DC,Balance,40,4.8,64.9,93.1,67.7,47.0,64.5,0,stub-1,1.0,1.0
1,B,W7,DC,Balance,40,4.8,44.3,70.2,62.0,39.4,62.2,0,stub-1,1.0,1.0
1,B,W0,AC,Balance,40,4.8,24.1,61.0,67.8,37.7,62.4,0,stub-1,1.0,1.0
1,B,W1,AC,Balance,40,4.8,14.6,88.6,59.8,32.6,61.1,0,stub-1,1.0,1.0
1,B,W2,AC,Balance,40,4.8,7.6,8.7,55.8,28.7,58.3,1,stub-1,1.0,1.0
1,B,W3,AC,Balance,40,4.8,58.1,37.7,66.8,46.0,62.6,0,stub-1,1.0,1.0
1,B,W4,AC,Balance,40,4.8,85.2,10.9,83.5,48.3,66.6,0,stub-1,1.0,1.0
1,B,W5,AC,Balance,40,4.8,15.1,8.1,58.9,35.4,59.2,0,stub-1,1.0,1.0
1,B,W6,AC,Balance,40,4.8,62.1,79.3,70.9,44.3,65.1,0,stub-1,1.0,1.0
1,B,W7,AC,Balance,40,4.8,73.2,23.4,76.5,47.5,67.1,0,stub-1,1.0,1.0
1,B,W0,DC,Balance,40,4.8,6.9,28.1,56.2,34.3,60.1,0,stub-1,1.0,1.0
1,B,W1,DC,Balance,40,4.8,91.8,50.3,82.8,54.9,66.5,0,stub-1,1.0,1.0
1,B,W2,DC,Balance,40,4.8,7.8,42.2,52.6,32.8,59.1,0,stub-1,1.0,1.0
1,B,W3,DC,Balance,40,4.8,24.5,82.6,65.9,38.9,64.1,0,stub-1,1.0,1.0
1,B,W4,DC,Balance,40,4.8,20.3,5.1,62.4,37.9,62.4,0,stub-1,1.0,1.0
1,B,W5,DC,Balance,40,4.8,49.2,76.7,68.9,43.1,65.7,0,stub-1,1.0,1.0
1,B,W6,DC,Balance,40,4.8,36.2,79.9,64.9,43.6,64.0,0,stub-1,1.0,1.0
1,B,W7,DC,Balance,40,4.8,68.0,49.8,76.3,49.3,67.6,0,stub-1,1.0,1.0
1,B,W0,AC,Beast,65,5.0,12.3,75.9,59.2,47.6,64.7,0,stub-1,1.0,1.0
1,B,W1,AC,Beast,65,5.0,41.1,40.5,67.0,59.1,69.3,0,stub-1,1.0,1.0
1,B,W2,AC,Beast,65,5.0,85.0,7.3,81.9,71.4,75.4,0,stub-1,1.0,1.0
1,B,W3,AC,Beast,65,5.0,84.6,26.0,79.1,67.4,73.0,0,stub-1,1.0,1.0
1,B,W4,AC,Beast,65,5.0,72.9,72.8,76.2,65.3,71.4,0,stub-1,1.0,1.0
1,B,W5,AC,Beast,65,5.0,64.6,71.8,77.1,65.6,73.4,0,stub-1,1.0,1.0
1,B,W6,AC,Beast,65,5.0,74.6,57.1,80.7,68.8,73.9,0,stub-1,1.0,1.0
1,B,W7,AC,Beast,65,5.0,22.2,32.1,62.3,52.4,64.6,0,stub-1,1.0,1.0
1,B,W0,DC,Beast,65,5.0,18.9,19.0,62.8,54.5,67.2,0,stub-1,1.0,1.0
1,B,W1,DC,Beast,65,5.0,34.5,22.0,66.9,59.9,69.6,0,stub-1,1.0,1.0
1,B,W2,DC,Beast,65,5.0,14.2,91.6,63.8,52.6,70.1,0,stub-1,1.0,1.0
1,B,W3,DC,Beast,65,5.0,44.1,22.7,69.3,58.6,69.0,0,stub-1,1.0,1.0
1,B,W4,DC,Beast,65,5.0,23.6,40.0,67.1,54.3,68.6,0,stub-1,1.0,1.0
1,B,W5,DC,Beast,65,5.0,61.9,46.7,70.4,65.6,73.5,0,stub-1,1.0,1.0
1,B,W6,DC,Beast,65,5.0,41.4,71.7,71.8,57.4,66.9,0,stub-1,1.0,1.0
1,B,W7,DC,Beast,65,5.0,42.9,25.6,67.3,58.2,66.3,0,stub-1,1.0,1.0
1,B,W0,AC,Beast,65,5.0,74.7,68.0,81.1,64.8,70.6,0,stub-1,1.0,1.0
1,B,W1,AC,Beast,65,5.0,33.2,61.5,64.2,58.1,70.2,0,stub-1,1.0,1.0
1,B,W2,AC,Beast,65,5.0,75.4,69.2,77.1,66.3,70.7,0,stub-1,1.0,1.0
1,B,W3,AC,Beast,65,5.0,41.8,65.8,70.7,59.8,69.5,0,stub-1,1.0,1.0
1,B,W4,AC,Beast,65,5.0,63.9,75.0,72.7,65.9,72.5,0,stub-1,1.0,1.0
1,B,W5,AC,Beast,65,5.0,19.5,75.4,62.8,55.1,67.6,0,stub-1,1.0,1.0
1,B,W6,AC,Beast,65,5.0,14.1,56.7,56.8,50.6,64.6,0,stub-1,1.0,1.0
1,B,W7,AC,Beast,65,5.0,79.6,52.0,79.5,64.4,73.5,0,stub-1,1.0,1.0
1,B,W0,DC,Extreme,65,5.2,23.9,66.6,62.5,56.1,71.8,0,stub-1,1.0,1.0
1,B,W1,DC,Extreme,65,5.2,37.0,10.1,76.2,57.1,70.5,0,stub-1,1.0,1.0
1,B,W2,DC,Extreme,65,5.2,6.2,42.7,57.5,50.9,66.1,0,stub-1,1.0,1.0
1,B,W3,DC,Extreme,65,5.2,71.7,89.6,81.8,65.0,71.6,0,stub-1,1.0,1.0
1,B,W4,DC,Extreme,65,5.2,77.1,40.3,81.8,68.9,73.6,0,stub-1,1.0,1.0
1,B,W5,DC,Extreme,65,5.2,47.2,55.6,67.6,60.8,74.1,0,stub-1,1.0,1.0
1,B,W6,DC,Extreme,65,5.2,36.8,62.5,72.4,54.0,66.7,0,stub-1,1.0,1.0
1,B,W7,DC,Extreme,65,5.2,54.3,16.3,75.5,62.8,69.8,0,stub-1,1.0,1.0
1,B,W0,AC,Extreme,65,5.2,81.6,29.1,81.0,70.1,72.7,0,stub-1,1.0,1.0
1,B,W1,AC,Extreme,65,5.2,5.2,70.0,62.1,48.8,67.2,0,stub-1,1.0,1.0
1,B,W2,AC,Extreme,65,5.2,32.2,48.2,65.0,57.4,68.3,0,stub-1,1.0,1.0
1,B,W3,AC,Extreme,65,5.2,81.9,10.1,80.3,71.1,71.0,0,stub-1,1.0,1.0
1,B,W4,AC,Extreme,65,5.2,75.6,17.6,83.0,65.0,72.0,0,stub-1,1.0,1.0
1,B,W5,AC,Extreme,65,5.2,64.0,27.5,77.8,65.3,72.4,0,stub-1,1.0,1.0
1,B,W6,AC,Extreme,65,5.2,26.0,74.9,66.1,55.5,70.6,0,stub-1,1.0,1.0
1,B,W7,AC,Extreme,65,5.2,20.1,85.2,62.4,50.3,65.0,0,stub-1,1.0,1.0
1,B,W0,DC,Extreme,65,5.2,65.2,85.5,79.4,61.0,71.1,0,stub-1,1.0,1.0
1,B,W1,DC,Extreme,65,5.2,52.8,71.8,78.9,57.7,70.3,0,stub-1,1.0,1.0
1,B,W2,DC,Extreme,65,5.2,55.0,28.8,75.4,63.2,70.6,0,stub-1,1.0,1.0
1,B,W3,DC,Extreme,65,5.2,18.0,49.2,64.9,50.0,66.5,0,stub-1,1.0,1.0
1,B,W4,DC,Extreme,65,5.2,82.7,5.6,84.8,67.4,70.5,0,stub-1,1.0,1.0
1,B,W5,DC,Extreme,65,5.2,38.7,42.7,68.9,58.6,69.4,0,stub-1,1.0,1.0
1,B,W6,DC,Extreme,65,5.2,62.3,62.3,81.3,64.5,70.1,0,stub-1,1.0,1.0
1,B,W7,DC,Extreme,65,5.2,34.7,93.4,63.2,54.5,68.0,0,stub-1,1.0,1.0
1,B,W0,AC,Quiet,25,3.8,85.8,8.1,66.9,37.9,60.7,0,stub-1,1.0,1.0
1,B,W1,AC,Quiet,25,3.8,38.0,47.7,59.4,24.9,57.3,0,stub-1,1.0,1.0
1,B,W2,AC,Quiet,25,3.8,24.0,44.2,47.0,25.8,58.6,0,stub-1,1.0,1.0
1,B,W3,AC,Quiet,25,3.8,41.3,50.3,53.1,28.8,60.8,0,stub-1,1.0,1.0
1,B,W4,AC,Quiet,25,3.8,92.7,63.9,70.4,40.8,62.7,0,stub-1,1.0,1.0
1,B,W5,AC,Quiet,25,3.8,62.1,75.6,63.4,37.6,62.8,0,stub-1,1.0,1.0
1,B,W6,AC,Quiet,25,3.8,84.7,54.1,69.8,40.9,64.3,0,stub-1,1.0,1.0
1,B,W7,AC,Quiet,25,3.8,87.9,59.8,68.4,39.3,60.5,0,stub-1,1.0,1.0
1,B,W0,DC,Quiet,25,3.8,86.9,60.1,64.9,39.1,62.0,0,stub-1,1.0,1.0
1,B,W1,DC,Quiet,25,3.8,66.3,24.1,58.4,34.5,59.6,0,stub-1,1.0,1.0
1,B,W2,DC,Quiet,25,3.8,73.6,14.1,64.7,38.0,62.8,0,stub-1,1.0,1.0
1,B,W3,DC,Quiet,25,3.8,38.2,79.0,47.8,28.9,57.2,0,stub-1,1.0,1.0
1,B,W4,DC,Quiet,25,3.8,28.2,32.2,49.3,26.5,56.3,0,stub-1,1.0,1.0
1,B,W5,DC,Quiet,25,3.8,9.9,56.1,48.3,21.9,56.9,0,stub-1,1.0,1.0
1,B,W6,DC,Quiet,25,3.8,77.9,56.8,68.4,37.6,63.6,0,stub-1,1.0,1.0
1,B,W7,DC,Quiet,25,3.8,58.3,89.4,60.3,35.8,61.3,0,stub-1,1.0,1.0
1,B,W0,AC,Quiet,25,3.8,42.1,14.2,54.2,28.2,59.0,0,stub-1,1.0,1.0
1,B,W1,AC,Quiet,25,3.8,5.4,66.5,45.7,23.5,59.9,0,stub-1,1.0,1.0
1,B,W2,AC,Quiet,25,3.8,12.9,83.3,47.7,22.0,56.5,0,stub-1,1.0,1.0
1,B,W3,AC,Quiet,25,3.8,21.9,9.5,47.6,24.5,55.2,0,stub-1,1.0,1.0
1,B,W4,AC,Quiet,25,3.8,82.0,70.7,70.3,41.1,63.0,0,stub-1,1.0,1.0
1,B,W5,AC,Quiet,25,3.8,27.9,91.8,48.3,25.6,57.7,0,stub-1,1.0,1.0
1,B,W6,AC,Quiet,25,3.8,6.3,63.6,46.0,19.3,54.8,0,stub-1,1.0,1.0
1,B,W7,AC,Quiet,25,3.8,19.9,82.5,53.8,22.9,57.0,0,stub-1,1.0,1.0
1,B,W0,DC,Balance,40,4.8,38.1,56.7,61.7,40.4,64.8,0,stub-1,1.0,1.0
1,B,W1,DC,Balance,40,4.8,37.7,63.0,70.0,37.8,61.1,0,stub-1,1.0,1.0
1,B,W2,DC,Balance,40,4.8,39.7,75.8,71.3,38.5,61.3,1,stub-1,1.0,1.0
1,B,W3,DC,Balance,40,4.8,92.7,68.3,80.1,54.3,66.8,0,stub-1,1.0,1.0
1,B,W4,DC,Balance,40,4.8,59.5,93.0,73.9,42.5,63.3,0,stub-1,1.0,1.0
1,B,W5,DC,Balance,40,4.8,38.9,66.6,69.1,36.1,59.7,0,stub-1,1.0,1.0
1,B,W6,DC,Balance,40,4.8,77.7,30.5,79.3,49.6,64.6,0,stub-1,1.0,1.0
1,B,W7,DC,Balance,40,4.8,78.4,84.9,79.0,53.4,68.5,0,stub-1,1.0,1.0
1,B,W0,AC,Balance,40,4.8,78.1,83.0,74.9,49.0,67.8,0,stub-1,1.0,1.0
1,B,W1,AC,Balance,40,4.8,66.6,87.2,69.5,46.2,65.7,0,stub-1,1.0,1.0
1,B,W2,AC,Balance,40,4.8,54.8,76.8,72.1,46.8,66.4,0,stub-1,1.0,1.0
1,B,W3,AC,Balance,40,4.8,66.0,46.9,72.8,47.0,66.5,0,stub-1,1.0,1.0
1,B,W4,AC,Balance,40,4.8,72.6,76.2,74.3,48.5,66.9,0,stub-1,1.0,1.0
1,B,W5,AC,Balance,40,4.8,57.2,85.7,66.4,46.1,63.9,0,stub-1,1.0,1.0
1,B,W6,AC,Balance,40,4.8,47.9,58.0,69.3,43.1,65.1,0,stub-1,1.0,1.0
1,B,W7,AC,Balance,40,4.8,37.7,55.8,70.0,37.2,63.1,0,stub-1,1.0,1.0
1,B,W0,DC,Balance,40,4.8,18.4,9.0,63.3,34.2,62.6,0,stub-1,1.0,1.0
1,B,W1,DC,Balance,40,4.8,75.9,19.1,79.1,47.6,64.9,0,stub-1,1.0,1.0
1,B,W2,DC,Balance,40,4.8,51.8,6.9,78.6,44.1,65.6,0,stub-1,1.0,1.0
1,B,W3,DC,Balance,40,4.8,28.5,75.1,60.6,32.5,62.0,0,stub-1,1.0,1.0
1,B,W4,DC,Balance,40,4.8,74.1,78.7,78.2,48.3,66.9,0,stub-1,1.0,1.0
1,B,W5,DC,Balance,40,4.8,12.5,9.6,59.2,28.9,58.0,0,stub-1,1.0,1.0
1,B,W6,DC,Balance,40,4.8,46.2,90.2,69.1,41.0,62.1,0,stub-1,1.0,1.0
1,B,W7,DC,Balance,40,4.8,15.8,91.3,57.9,33.4,62.6,0,stub-1,1.0,1.0
1,B,W0,AC,Beast,65,5.0,62.7,91.1,73.6,62.3,70.0,0,stub-1,1.0,1.0
1,B,W1,AC,Beast,65,5.0,91.9,94.3,83.8,71.8,74.5,0,stub-1,1.0,1.0
1,B,W2,AC,Beast,65,5.0,28.0,36.7,70.7,52.6,67.6,0,stub-1,1.0,1.0
1,B,W3,AC,Beast,65,5.0,68.9,63.2,76.0,66.4,72.2,0,stub-1,1.0,1.0
1,B,W4,AC,Beast,65,5.0,18.0,72.9,66.7,51.3,66.4,0,stub-1,1.0,1.0
1,B,W5,AC,Beast,65,5.0,14.5,34.2,65.4,51.5,67.8,0,stub-1,1.0,1.0
1,B,W6,AC,Beast,65,5.0,48.3,20.2,71.1,61.4,70.4,0,stub-1,1.0,1.0
1,B,W7,AC,Beast,65,5.0,69.6,22.6,76.5,70.3,74.4,0,stub-1,1.0,1.0
1,B,W0,DC,Beast,65,5.0,24.8,89.1,68.7,51.1,67.9,0,stub-1,1.0,1.0
1,B,W1,DC,Beast,65,5.0,13.7,88.6,63.9,52.9,65.7,0,stub-1,1.0,1.0
1,B,W2,DC,Beast,65,5.0,45.7,35.6,71.8,57.6,68.6,0,stub-1,1.0,1.0
1,B,W3,DC,Beast,65,5.0,10.1,69.2,59.1,49.3,66.0,0,stub-1,1.0,1.0
1,B,W4,DC,Beast,65,5.0,83.4,29.0,79.4,70.1,73.1,0,stub-1,1.0,1.0
1,B,W5,DC,Beast,65,5.0,20.1,49.2,68.8,51.2,69.9,0,stub-1,1.0,1.0
1,B,W6,DC,Beast,65,5.0,15.3,93.1,67.7,53.2,67.1,0,stub-1,1.0,1.0
1,B,W7,DC,Beast,65,5.0,48.0,30.8,69.1,60.2,71.1,0,stub-1,1.0,1.0
1,B,W0,AC,Beast,65,5.0,37.8,94.2,74.9,57.5,70.2,0,stub-1,1.0,1.0
1,B,W1,AC,Beast,65,5.0,85.7,10.2,82.9,69.8,72.2,0,stub-1,1.0,1.0
1,B,W2,AC,Beast,65,5.0,93.1,6.4,84.5,70.3,73.7,0,stub-1,1.0,1.0
1,B,W3,AC,Beast,65,5.0,52.4,21.7,72.3,57.3,70.4,0,stub-1,1.0,1.0
1,B,W4,AC,Beast,65,5.0,24.6,56.4,65.6,55.1,68.6,0,stub-1,1.0,1.0
1,B,W5,AC,Beast,65,5.0,12.1,12.9,56.2,49.1,65.1,0,stub-1,1.0,1.0
1,B,W6,AC,Beast,65,5.0,29.6,23.5,62.2,53.4,68.5,0,stub-1,1.0,1.0
1,B,W7,AC,Beast,65,5.0,23.2,10.9,60.3,53.6,66.2,0,stub-1,1.0,1.0
1,B,W0,DC,Extreme,65,5.2,69.9,10.0,80.4,64.3,73.1,0,stub-1,1.0,1.0
1,B,W1,DC,Extreme,65,5.2,49.4,6.4,68.6,62.5,70.0,0,stub-1,1.0,1.0
1,B,W2,DC,Extreme,65,5.2,83.5,29.0,85.4,73.0,73.9,0,stub-1,1.0,1.0
1,B,W3,DC,Extreme,65,5.2,58.5,5.4,77.5,60.8,70.1,0,stub-1,1.0,1.0
1,B,W4,DC,Extreme,65,5.2,51.4,15.9,73.0,57.5,70.0,0,stub-1,1.0,1.0
1,B,W5,DC,Extreme,65,5.2,39.3,72.6,68.8,61.8,71.8,0,stub-1,1.0,1.0
1,B,W6,DC,Extreme,65,5.2,90.9,49.5,81.6,71.2,73.6,0,stub-1,1.0,1.0
1,B,W7,DC,Extreme,65,5.2,92.1,25.1,85.4,72.1,74.9,0,stub-1,1.0,1.0
1,B,W0,AC,Extreme,65,5.2,27.5,78.5,68.8,55.1,68.0,0,stub-1,1.0,1.0
1,B,W1,AC,Extreme,65,5.2,6.6,58.9,59.8,47.3,64.7,0,stub-1,1.0,1.0
1,B,W2,AC,Extreme,65,5.2,68.2,14.3,82.2,63.2,71.9,0,stub-1,1.0,1.0
1,B,W3,AC,Extreme,65,5.2,50.1,30.2,74.2,62.3,71.9,0,stub-1,1.0,1.0
1,B,W4,AC,Extreme,65,5.2,17.3,58.3,65.7,51.4,64.8,0,stub-1,1.0,1.0
1,B,W5,AC,Extreme,65,5.2,79.3,89.4,79.8,66.8,73.4,0,stub-1,1.0,1.0
1,B,W6,AC,Extreme,65,5.2,80.6,52.3,76.7,71.6,74.3,0,stub-1,1.0,1.0
1,B,W7,AC,Extreme,65,5.2,26.6,35.2,64.6,49.5,68.0,0,stub-1,1.0,1.0
1,B,W0,DC,Extreme,65,5.2,77.4,87.1,83.8,64.3,73.2,0,stub-1,1.0,1.0
1,B,W1,DC,Extreme,65,5.2,91.2,89.1,86.5,71.5,75.6,0,stub-1,1.0,1.0
1,B,W2,DC,Extreme,65,5.2,61.9,37.8,76.0,63.7,69.7,1,stub-1,1.0,1.0
1,B,W3,DC,Extreme,65,5.2,17.5,92.3,66.2,53.1,64.1,0,stub-1,1.0,1.0
1,B,W4,DC,Extreme,65,5.2,62.0,77.8,81.8,61.1,72.5,0,stub-1,1.0,1.0
1,B,W5,DC,Extreme,65,5.2,66.1,29.6,79.2,60.6,69.3,0,stub-1,1.0,1.0
1,B,W6,DC,Extreme,65,5.2,60.9,27.6,73.7,63.3,72.3,0,stub-1,1.0,1.0
1,B,W7,DC,Extreme,65,5.2,32.5,63.3,68.1,58.2,70.7,0,stub-1,1.0,1.0
1,B,W0,AC,Quiet,25,3.8,91.0,51.2,68.8,44.3,63.7,0,stub-1,1.0,1.0
1,B,W1,AC,Quiet,25,3.8,16.2,16.8,47.9,22.0,58.2,0,stub-1,1.0,1.0
1,B,W2,AC,Quiet,25,3.8,30.9,26.9,55.6,27.7,59.8,0,stub-1,1.0,1.0
1,B,W3,AC,Quiet,25,3.8,63.5,23.1,58.0,34.3,59.4,0,stub-1,1.0,1.0
1,B,W4,AC,Quiet,25,3.8,54.3,60.2,56.4,32.8,60.5,0,stub-1,1.0,1.0
1,B,W5,AC,Quiet,25,3.8,39.5,57.7,56.9,30.5,59.8,0,stub-1,1.0,1.0
1,B,W6,AC,Quiet,25,3.8,82.6,26.5,63.5,39.0,61.7,0,stub-1,1.0,1.0
1,B,W7,AC,Quiet,25,3.8,31.6,74.5,61.2,27.0,58.9,0,stub-1,1.0,1.0
1,B,W0,DC,Quiet,25,3.8,83.4,44.6,69.8,40.8,61.0,0,stub-1,1.0,1.0
1,B,W1,DC,Quiet,25,3.8,14.8,25.3,49.7,25.4,57.3,0,stub-1,1.0,1.0
1,B,W2,DC,Quiet,25,3.8,18.9,35.3,46.3,25.7,55.8,0,stub-1,1.0,1.0
1,B,W3,DC,Quiet,25,3.8,51.6,71.5,54.2,31.6,57.5,0,stub-1,1.0,1.0
1,B,W4,DC,Quiet,25,3.8,47.8,75.6,55.4,26.5,60.4,1,stub-1,1.0,1.0
1,B,W5,DC,Quiet,25,3.8,73.9,57.7,68.7,32.5,60.4,0,stub-1,1.0,1.0
1,B,W6,DC,Quiet,25,3.8,56.5,42.6,60.8,29.1,58.0,0,stub-1,1.0,1.0
1,B,W7,DC,Quiet,25,3.8,45.7,46.2,54.7,30.0,58.3,0,stub-1,1.0,1.0
1,B,W0,AC,Quiet,25,3.8,40.2,55.0,53.0,30.0,60.2,0,stub-1,1.0,1.0
1,B,W1,AC,Quiet,25,3.8,50.0,45.0,52.0,32.0,61.4,0,stub-1,1.0,1.0
1,B,W2,AC,Quiet,25,3.8,18.0,56.8,47.6,22.6,58.1,0,stub-1,1.0,1.0
1,B,W3,AC,Quiet,25,3.8,80.4,91.3,64.9,39.9,64.5,0,stub-1,1.0,1.0
1,B,W4,AC,Quiet,25,3.8,87.0,6.0,71.7,41.7,60.2,0,stub-1,1.0,1.0
1,B,W5,AC,Quiet,25,3.8,53.5,94.8,58.8,29.9,59.3,0,stub-1,1.0,1.0
1,B,W6,AC,Quiet,25,3.8,66.7,40.1,59.8,37.8,60.1,0,stub-1,1.0,1.0
1,B,W7,AC,Quiet,25,3.8,65.9,52.3,68.0,37.1,62.8,0,stub-1,1.0,1.0
1,B,W0,DC,Balance,40,4.8,41.1,55.5,61.2,38.2,64.1,0,stub-1,1.0,1.0
1,B,W1,DC,Balance,40,4.8,44.6,61.2,66.9,42.8,64.0,0,stub-1,1.0,1.0
1,B,W2,DC,Balance,40,4.8,52.7,78.4,71.2,44.6,67.4,0,stub-1,1.0,1.0
1,B,W3,DC,Balance,40,4.8,14.9,85.5,58.6,31.9,57.6,0,stub-1,1.0,1.0
1,B,W4,DC,Balance,40,4.8,94.1,84.9,80.0,54.4,67.6,0,stub-1,1.0,1.0
1,B,W5,DC,Balance,40,4.8,21.9,21.4,64.8,33.2,59.1,0,stub-1,1.0,1.0
1,B,W6,DC,Balance,40,4.8,36.8,94.4,64.9,38.5,60.2,0,stub-1,1.0,1.0
1,B,W7,DC,Balance,40,4.8,32.6,67.2,67.1,39.6,62.9,0,stub-1,1.0,1.0
1,B,W0,AC,Balance,40,4.8,80.8,57.8,76.8,49.3,64.3,0,stub-1,1.0,1.0
1,B,W1,AC,Balance,40,4.8,28.9,63.2,63.4,30.2,58.6,0,stub-1,1.0,1.0
1,B,W2,AC,Balance,40,4.8,56.7,42.0,72.3,45.0,64.8,0,stub-1,1.0,1.0
1,B,W3,AC,Balance,40,4.8,20.3,52.0,59.5,35.9,59.7,0,stub-1,1.0,1.0
1,B,W4,AC,Balance,40,4.8,77.6,10.6,82.1,49.8,65.4,0,stub-1,1.0,1.0
1,B,W5,AC,Balance,40,4.8,20.2,29.0,65.1,38.2,64.3,0,stub-1,1.0,1.0
1,B,W6,AC,Balance,40,4.8,57.4,36.4,68.5,44.9,67.7,0,stub-1,1.0,1.0
1,B,W7,AC,Balance,40,4.8,57.4,91.4,73.4,41.7,64.4,0,stub-1,1.0,1.0
1,B,W0,DC,Balance,40,4.8,27.4,9.0,68.2,34.9,59.9,0,stub-1,1.0,1.0
1,B,W1,DC,Balance,40,4.8,78.4,32.3,83.1,45.7,62.7,0,stub-1,1.0,1.0
1,B,W2,DC,Balance,40,4.8,49.6,90.5,69.2,44.3,64.3,0,stub-1,1.0,1.0
1,B,W3,DC,Balance,40,4.8,83.8,48.6,76.6,51.6,66.0,0,stub-1,1.0,1.0
1,B,W4,DC,Balance,40,4.8,20.6,37.3,64.1,39.7,62.4,0,stub-1,1.0,1.0
1,B,W5,DC,Balance,40,4.8,53.0,39.7,73.8,42.6,64.2,0,stub-1,1.0,1.0
1,B,W6,DC,Balance,40,4.8,16.1,79.3,58.4,34.8,61.6,0,stub-1,1.0,1.0
1,B,W7,DC,Balance,40,4.8,26.3,8.1,64.9,35.3,60.2,0,stub-1,1.0,1.0
1,B,W0,AC,Beast,65,5.0,19.0,68.5,64.8,53.6,68.2,0,stub-1,1.0,1.0
1,B,W1,AC,Beast,65,5.0,44.9,80.3,68.7,59.8,69.1,0,stub-1,1.0,1.0
1,B,W2,AC,Beast,65,5.0,36.8,70.0,62.4,60.9,71.3,0,stub-1,1.0,1.0
1,B,W3,AC,Beast,65,5.0,25.5,45.7,71.7,56.5,70.5,0,stub-1,1.0,1.0
1,B,W4,AC,Beast,65,5.0,28.5,86.0,63.0,54.2,68.0,0,stub-1,1.0,1.0
1,B,W5,AC,Beast,65,5.0,83.5,16.1,85.0,67.0,72.3,0,stub-1,1.0,1.0
1,B,W6,AC,Beast,65,5.0,29.3,74.5,62.4,57.3,67.9,0,stub-1,1.0,1.0
1,B,W7,AC,Beast,65,5.0,40.1,12.7,67.7,59.9,72.6,0,stub-1,1.0,1.0
1,B,W0,DC,Beast,65,5.0,33.9,64.6,70.0,58.2,68.2,0,stub-1,1.0,1.0
1,B,W1,DC,Beast,65,5.0,31.7,10.9,69.1,55.5,69.4,0,stub-1,1.0,1.0
1,B,W2,DC,Beast,65,5.0,16.4,69.5,61.5,54.0,70.1,0,stub-1,1.0,1.0
1,B,W3,DC,Beast,65,5.0,82.5,16.9,77.8,69.1,73.6,0,stub-1,1.0,1.0
1,B,W4,DC,Beast,65,5.0,66.2,64.7,74.2,66.6,71.1,0,stub-1,1.0,1.0
1,B,W5,DC,Beast,65,5.0,81.2,36.7,76.3,68.0,72.1,0,stub-1,1.0,1.0
1,B,W6,DC,Beast,65,5.0,15.4,87.1,61.3,48.6,66.4,0,stub-1,1.0,1.0
1,B,W7,DC,Beast,65,5.0,19.6,22.8,63.2,52.2,68.7,0,stub-1,1.0,1.0
1,B,W0,AC,Beast,65,5.0,8.5,33.0,58.7,49.0,67.2,0,stub-1,1.0,1.0
1,B,W1,AC,Beast,65,5.0,69.5,27.9,73.7,63.1,72.0,0,stub-1,1.0,1.0
1,B,W2,AC,Beast,65,5.0,36.4,5.1,70.3,54.3,67.9,0,stub-1,1.0,1.0
1,B,W3,AC,Beast,65,5.0,59.7,9.3,75.1,63.3,71.9,0,stub-1,1.0,1.0
1,B,W4,AC,Beast,65,5.0,76.2,23.9,83.1,65.9,74.0,0,stub-1,1.0,1.0
1,B,W5,AC,Beast,65,5.0,72.3,79.6,80.1,66.4,72.9,0,stub-1,1.0,1.0
1,B,W6,AC,Beast,65,5.0,90.2,43.2,86.9,69.9,73.3,0,stub-1,1.0,1.0
1,B,W7,AC,Beast,65,5.0,61.5,45.8,69.1,66.7,73.1,0,stub-1,1.0,1.0
1,B,W0,DC,Extreme,65,5.2,43.6,51.1,73.4,58.6,69.6,0,stub-1,1.0,1.0
1,B,W1,DC,Extreme,65,5.2,68.2,77.5,78.0,65.3,73.8,0,stub-1,1.0,1.0
1,B,W2,DC,Extreme,65,5.2,92.2,62.4,83.4,71.3,75.3,0,stub-1,1.0,1.0
1,B,W3,DC,Extreme,65,5.2,23.1,32.9,67.3,55.8,70.3,0,stub-1,1.0,1.0
1,B,W4,DC,Extreme,65,5.2,65.3,26.4,78.3,67.2,69.2,0,stub-1,1.0,1.0
1,B,W5,DC,Extreme,65,5.2,31.9,84.6,71.1,57.7,70.7,0,stub-1,1.0,1.0
1,B,W6,DC,Extreme,65,5.2,35.0,78.4,64.8,55.9,69.6,0,stub-1,1.0,1.0
1,B,W7,DC,Extreme,65,5.2,58.9,46.5,80.2,63.5,68.4,0,stub-1,1.0,1.0
1,B,W0,AC,Extreme,65,5.2,15.3,31.0,62.8,52.8,68.6,0,stub-1,1.0,1.0
1,B,W1,AC,Extreme,65,5.2,22.7,68.1,67.1,52.8,67.7,0,stub-1,1.0,1.0
1,B,W2,AC,Extreme,65,5.2,34.2,47.2,68.2,57.6,69.4,0,stub-1,1.0,1.0
1,B,W3,AC,Extreme,65,5.2,72.5,12.6,80.3,65.5,67.8,0,stub-1,1.0,1.0
1,B,W4,AC,Extreme,65,5.2,55.7,14.8,72.2,62.4,71.5,1,stub-1,1.0,1.0
1,B,W5,AC,Extreme,65,5.2,87.8,63.0,87.9,67.3,70.0,0,stub-1,1.0,1.0
1,B,W6,AC,Extreme,65,5.2,63.7,27.6,77.7,65.4,74.5,0,stub-1,1.0,1.0
1,B,W7,AC,Extreme,65,5.2,80.6,31.7,83.3,69.8,75.4,0,stub-1,1.0,1.0
1,B,W0,DC,Extreme,65,5.2,81.1,88.4,85.1,71.9,75.4,0,stub-1,1.0,1.0
1,B,W1,DC,Extreme,65,5.2,34.4,21.6,65.1,57.5,68.0,0,stub-1,1.0,1.0
1,B,W2,DC,Extreme,65,5.2,38.2,54.6,66.6,60.5,70.2,0,stub-1,1.0,1.0
1,B,W3,DC,Extreme,65,5.2,61.5,78.8,77.9,62.6,67.8,0,stub-1,1.0,1.0
1,B,W4,DC,Extreme,65,5.2,90.0,49.5,83.3,71.2,73.3,1,stub-1,1.0,1.0
1,B,W5,DC,Extreme,65,5.2,66.9,19.7,82.3,60.2,71.5,0,stub-1,1.0,1.0
1,B,W6,DC,Extreme,65,5.2,13.1,8.6,61.6,51.7,67.1,0,stub-1,1.0,1.0
1,B,W7,DC,Extreme,65,5.2,80.7,82.0,82.2,69.2,71.7,0,stub-1,1.0,1.0
1,B,W0,AC,Quiet,25,3.8,30.5,64.5,49.1,26.1,57.3,0,stub-1,1.0,1.0
1,B,W1,AC,Quiet,25,3.8,64.9,79.3,64.6,36.2,61.2,0,stub-1,1.0,1.0
1,B,W2,AC,Quiet,25,3.8,31.6,44.9,50.0,25.9,58.3,0,stub-1,1.0,1.0
1,B,W3,AC,Quiet,25,3.8,46.4,92.4,57.9,33.8,59.2,0,stub-1,1.0,1.0
1,B,W4,AC,Quiet,25,3.8,92.7,91.6,65.7,40.0,65.1,0,stub-1,1.0,1.0
1,B,W5,AC,Quiet,25,3.8,31.7,56.4,54.2,28.8,58.6,0,stub-1,1.0,1.0
1,B,W6,AC,Quiet,25,3.8,63.3,31.9,58.0,38.3,63.4,0,stub-1,1.0,1.0
1,B,W7,AC,Quiet,25,3.8,66.1,45.3,62.5,38.1,63.5,0,stub-1,1.0,1.0
1,B,W0,DC,Quiet,25,3.8,38.5,57.3,51.3,29.6,58.0,0,stub-1,1.0,1.0
1,B,W1,DC,Quiet,25,3.8,15.3,21.2,46.8,24.3,56.3,0,stub-1,1.0,1.0
1,B,W2,DC,Quiet,25,3.8,15.1,82.6,47.9,23.2,56.0,0,stub-1,1.0,1.0
1,B,W3,DC,Quiet,25,3.8,54.9,25.4,58.6,31.8,59.8,0,stub-1,1.0,1.0
1,B,W4,DC,Quiet,25,3.8,51.2,58.0,60.7,32.7,61.9,0,stub-1,1.0,1.0
1,B,W5,DC,Quiet,25,3.8,54.6,69.3,60.4,32.6,59.7,0,stub-1,1.0,1.0
1,B,W6,DC,Quiet,25,3.8,94.2,69.9,74.6,45.1,64.1,0,stub-1,1.0,1.0
1,B,W7,DC,Quiet,25,3.8,91.4,55.7,70.4,42.3,63.0,0,stub-1,1.0,1.0
1,B,W0,AC,Quiet,25,3.8,74.9,10.2,64.9,39.8,64.9,0,stub-1,1.0,1.0
1,B,W1,AC,Quiet,25,3.8,24.2,32.0,50.9,24.1,55.9,0,stub-1,1.0,1.0
1,B,W2,AC,Quiet,25,3.8,85.0,60.9,70.2,38.6,65.2,0,stub-1,1.0,1.0
1,B,W3,AC,Quiet,25,3.8,72.1,35.7,60.9,37.4,59.8,0,stub-1,1.0,1.0
1,B,W4,AC,Quiet,25,3.8,79.3,16.0,62.5,41.3,65.7,1,stub-1,1.0,1.0
1,B,W5,AC,Quiet,25,3.8,59.3,14.0,58.8,30.4,58.8,0,stub-1,1.0,1.0
1,B,W6,AC,Quiet,25,3.8,15.2,88.3,46.9,21.0,56.9,0,stub-1,1.0,1.0
1,B,W7,AC,Quiet,25,3.8,80.4,57.3,69.3,39.6,63.1,0,stub-1,1.0,1.0
1,B,W0,DC,Balance,40,4.8,14.9,77.1,60.9,35.6,60.9,0,stub-1,1.0,1.0
1,B,W1,DC,Balance,40,4.8,39.3,18.0,70.6,41.4,62.2,0,stub-1,1.0,1.0
1,B,W2,DC,Balance,40,4.8,67.1,77.7,74.5,46.7,64.9,0,stub-1,1.0,1.0
1,B,W3,DC,Balance,40,4.8,83.6,77.0,80.0,52.4,67.5,0,stub-1,1.0,1.0
1,B,W4,DC,Balance,40,4.8,78.6,66.2,74.6,51.3,68.5,0,stub-1,1.0,1.0
1,B,W5,DC,Balance,40,4.8,83.6,60.0,83.5,52.7,68.1,0,stub-1,1.0,1.0
1,B,W6,DC,Balance,40,4.8,24.5,85.5,61.3,35.4,62.1,0,stub-1,1.0,1.0
1,B,W7,DC,Balance,40,4.8,47.1,56.9,70.9,40.2,64.0,0,stub-1,1.0,1.0
1,B,W0,AC,Balance,40,4.8,5.5,57.1,56.4,31.2,55.7,0,stub-1,1.0,1.0
1,B,W1,AC,Balance,40,4.8,9.1,18.1,60.0,31.0,58.8,0,stub-1,1.0,1.0
1,B,W2,AC,Balance,40,4.8,29.6,50.0,63.2,39.7,59.2,0,stub-1,1.0,1.0
1,B,W3,AC,Balance,40,4.8,8.1,55.5,56.1,32.0,57.2,0,stub-1,1.0,1.0
1,B,W4,AC,Balance,40,4.8,74.7,62.0,74.2,47.4,65.1,0,stub-1,1.0,1.0
1,B,W5,AC,Balance,40,4.8,89.5,66.3,85.5,51.5,69.4,0,stub-1,1.0,1.0
1,B,W6,AC,Balance,40,4.8,71.6,50.8,73.4,46.6,63.9,0,stub-1,1.0,1.0
1,B,W7,AC,Balance,40,4.8,10.4,35.3,57.2,29.5,63.3,0,stub-1,1.0,1.0
1,B,W0,DC,Balance,40,4.8,48.3,38.1,68.8,43.4,63.7,0,stub-1,1.0,1.0
1,B,W1,DC,Balance,40,4.8,5.7,83.4,58.1,28.8,59.5,0,stub-1,1.0,1.0
1,B,W2,DC,Balance,40,4.8,56.2,32.2,71.5,44.7,64.2,0,stub-1,1.0,1.0
1,B,W3,DC,Balance,40,4.8,54.6,89.4,72.9,41.2,66.3,0,stub-1,1.0,1.0
1,B,W4,DC,Balance,40,4.8,57.5,12.2,73.0,46.7,66.8,0,stub-1,1.0,1.0
1,B,W5,DC,Balance,40,4.8,43.5,83.1,67.2,42.8,64.7,0,stub-1,1.0,1.0
1,B,W6,DC,Balance,40,4.8,85.9,29.8,79.2,52.2,67.9,0,stub-1,1.0,1.0
1,B,W7,DC,Balance,40,4.8,68.4,24.6,76.4,46.1,65.7,0,stub-1,1.0,1.0
1,B,W0,AC,Beast,65,5.0,59.3,82.8,72.9,62.1,70.4,0,stub-1,1.0,1.0
1,B,W1,AC,Beast,65,5.0,59.1,12.1,66.4,64.6,68.8,0,stub-1,1.0,1.0
1,B,W2,AC,Beast,65,5.0,35.7,17.3,68.9,59.4,71.3,0,stub-1,1.0,1.0
1,B,W3,AC,Beast,65,5.0,24.1,34.4,61.2,54.0,65.7,0,stub-1,1.0,1.0
1,B,W4,AC,Beast,65,5.0,41.5,66.1,68.6,59.1,69.3,0,stub-1,1.0,1.0
1,B,W5,AC,Beast,65,5.0,35.1,49.5,67.8,55.6,67.8,0,stub-1,1.0,1.0
1,B,W6,AC,Beast,65,5.0,46.7,6.2,74.0,58.8,70.1,0,stub-1,1.0,1.0
1,B,W7,AC,Beast,65,5.0,60.3,70.2,74.3,63.0,71.6,0,stub-1,1.0,1.0
1,B,W0,DC,Beast,65,5.0,19.1,17.8,63.0,51.9,67.8,0,stub-1,1.0,1.0
1,B,W1,DC,Beast,65,5.0,53.5,58.0,69.6,58.9,68.9,0,stub-1,1.0,1.0
1,B,W2,DC,Beast,65,5.0,59.1,34.8,73.9,61.6,70.0,0,stub-1,1.0,1.0
1,B,W3,DC,Beast,65,5.0,32.8,74.5,61.7,58.5,69.2,0,stub-1,1.0,1.0
1,B,W4,DC,Beast,65,5.0,30.0,52.1,67.4,55.2,70.0,0,stub-1,1.0,1.0
1,B,W5,DC,Beast,65,5.0,74.7,37.6,78.6,68.6,72.9,0,stub-1,1.0,1.0
1,B,W6,DC,Beast,65,5.0,73.1,13.1,79.6,67.0,74.1,0,stub-1,1.0,1.0
1,B,W7,DC,Beast,65,5.0,55.0,21.4,74.2,63.8,70.8,0,stub-1,1.0,1.0
1,B,W0,AC,Beast,65,5.0,18.4,21.0,62.1,48.1,66.0,0,stub-1,1.0,1.0
1,B,W1,AC,Beast,65,5.0,75.0,26.8,79.1,69.6,73.2,0,stub-1,1.0,1.0
1,B,W2,AC,Beast,65,5.0,62.3,36.0,76.0,61.9,69.2,0,stub-1,1.0,1.0
1,B,W3,AC,Beast,65,5.0,71.0,10.9,83.2,65.0,70.5,0,stub-1,1.0,1.0
1,B,W4,AC,Beast,65,5.0,82.8,10.4,77.8,68.5,76.1,0,stub-1,1.0,1.0
1,B,W5,AC,Beast,65,5.0,25.2,27.7,61.0,54.2,69.5,0,stub-1,1.0,1.0
1,B,W6,AC,Beast,65,5.0,25.8,23.3,65.0,51.6,65.6,0,stub-1,1.0,1.0
1,B,W7,AC,Beast,65,5.0,24.5,56.3,73.6,56.3,71.2,0,stub-1,1.0,1.0
1,B,W0,DC,Extreme,65,5.2,83.2,29.1,83.2,65.7,71.7,0,stub-1,1.0,1.0
1,B,W1,DC,Extreme,65,5.2,48.7,85.2,76.1,62.0,72.6,0,stub-1,1.0,1.0
1,B,W2,DC,Extreme,65,5.2,58.8,45.8,70.8,61.1,71.2,0,stub-1,1.0,1.0
1,B,W3,DC,Extreme,65,5.2,75.2,82.7,86.9,69.0,75.9,0,stub-1,1.0,1.0
1,B,W4,DC,Extreme,65,5.2,94.5,31.8,87.7,72.5,74.6,0,stub-1,1.0,1.0
1,B,W5,DC,Extreme,65,5.2,18.6,71.2,64.9,53.6,68.3,0,stub-1,1.0,1.0
1,B,W6,DC,Extreme,65,5.2,66.4,13.1,74.8,68.8,72.4,0,stub-1,1.0,1.0
1,B,W7,DC,Extreme,65,5.2,93.2,8.0,79.8,72.3,77.0,0,stub-1,1.0,1.0
1,B,W0,AC,Extreme,65,5.2,67.1,8.4,76.4,65.2,71.2,0,stub-1,1.0,1.0
1,B,W1,AC,Extreme,65,5.2,6.8,94.2,62.3,47.9,68.6,0,stub-1,1.0,1.0
1,B,W2,AC,Extreme,65,5.2,15.8,48.9,66.3,53.5,68.7,0,stub-1,1.0,1.0
1,B,W3,AC,Extreme,65,5.2,71.4,50.1,83.9,67.8,73.6,0,stub-1,1.0,1.0
1,B,W4,AC,Extreme,65,5.2,49.7,87.7,72.5,61.8,73.7,0,stub-1,1.0,1.0
1,B,W5,AC,Extreme,65,5.2,29.6,20.9,66.8,55.4,69.0,0,stub-1,1.0,1.0
1,B,W6,AC,Extreme,65,5.2,8.9,50.8,59.1,51.5,66.9,0,stub-1,1.0,1.0
1,B,W7,AC,Extreme,65,5.2,66.9,63.8,78.9,62.7,70.4,0,stub-1,1.0,1.0
1,B,W0,DC,Extreme,65,5.2,67.1,93.4,81.9,63.0,70.0,0,stub-1,1.0,1.0
1,B,W1,DC,Extreme,65,5.2,42.7,92.6,73.3,57.4,70.0,0,stub-1,1.0,1.0
1,B,W2,DC,Extreme,65,5.2,41.9,17.9,71.8,58.7,66.9,0,stub-1,1.0,1.0
1,B,W3,DC,Extreme,65,5.2,60.0,38.9,72.3,63.4,72.2,0,stub-1,1.0,1.0
1,B,W4,DC,Extreme,65,5.2,15.5,80.9,65.5,47.5,67.8,0,stub-1,1.0,1.0
1,B,W5,DC,Extreme,65,5.2,63.2,54.4,78.9,62.1,74.4,0,stub-1,1.0,1.0
1,B,W6,DC,Extreme,65,5.2,5.1,72.2,63.4,47.2,61.5,0,stub-1,1.0,1.0
1,B,W7,DC,Extreme,65,5.2,26.1,61.7,61.8,54.5,66.6,0,stub-1,1.0,1.0
1,B,W0,AC,Quiet,25,3.8,69.1,40.4,59.0,35.9,61.0,0,stub-1,1.0,1.0
1,B,W1,AC,Quiet,25,3.8,61.6,53.9,58.6,34.9,63.2,0,stub-1,1.0,1.0
1,B,W2,AC,Quiet,25,3.8,28.8,86.8,47.0,26.4,56.6,0,stub-1,1.0,1.0
1,B,W3,AC,Quiet,25,3.8,17.8,88.5,48.2,20.6,55.9,0,stub-1,1.0,1.0
1,B,W4,AC,Quiet,25,3.8,52.5,78.2,58.5,33.2,61.4,0,stub-1,1.0,1.0
1,B,W5,AC,Quiet,25,3.8,79.5,85.5,63.0,39.4,62.5,0,stub-1,1.0,1.0
1,B,W6,AC,Quiet,25,3.8,39.3,79.9,55.3,27.7,59.3,0,stub-1,1.0,1.0
1,B,W7,AC,Quiet,25,3.8,14.3,37.1,49.6,22.9,55.3,0,stub-1,1.0,1.0
1,B,W0,DC,Quiet,25,3.8,45.8,12.9,48.4,34.4,60.5,0,stub-1,1.0,1.0
1,B,W1,DC,Quiet,25,3.8,48.1,76.8,54.1,30.9,59.0,0,stub-1,1.0,1.0
1,B,W2,DC,Quiet,25,3.8,66.2,38.0,60.0,35.4,60.4,0,stub-1,1.0,1.0
1,B,W3,DC,Quiet,25,3.8,6.6,23.1,47.5,19.5,55.6,0,stub-1,1.0,1.0
1,B,W4,DC,Quiet,25,3.8,21.1,69.6,49.2,25.6,58.1,0,stub-1,1.0,1.0
1,B,W5,DC,Quiet,25,3.8,62.3,82.3,66.8,35.2,62.8,0,stub-1,1.0,1.0
1,B,W6,DC,Quiet,25,3.8,76.3,60.6,64.4,38.6,61.2,0,stub-1,1.0,1.0
1,B,W7,DC,Quiet,25,3.8,69.1,31.6,64.1,33.9,62.1,0,stub-1,1.0,1.0
1,B,W0,AC,Quiet,25,3.8,78.0,36.7,62.6,40.4,64.0,0,stub-1,1.0,1.0
1,B,W1,AC,Quiet,25,3.8,92.4,69.1,68.7,40.3,64.7,0,stub-1,1.0,1.0
1,B,W2,AC,Quiet,25,3.8,34.7,11.4,53.5,25.4,56.2,0,stub-1,1.0,1.0
1,B,W3,AC,Quiet,25,3.8,73.1,7.3,63.6,35.5,60.5,0,stub-1,1.0,1.0
1,B,W4,AC,Quiet,25,3.8,46.6,80.6,53.8,31.6,61.3,0,stub-1,1.0,1.0
1,B,W5,AC,Quiet,25,3.8,51.1,79.2,55.9,30.1,57.4,0,stub-1,1.0,1.0
1,B,W6,AC,Quiet,25,3.8,41.2,8.7,53.6,26.8,58.7,0,stub-1,1.0,1.0
1,B,W7,AC,Quiet,25,3.8,15.6,24.9,43.0,25.7,59.3,0,stub-1,1.0,1.0
1,B,W0,DC,Balance,40,4.8,14.2,12.9,59.2,30.5,61.8,0,stub-1,1.0,1.0
1,B,W1,DC,Balance,40,4.8,69.0,48.5,76.1,50.2,67.4,0,stub-1,1.0,1.0
1,B,W2,DC,Balance,40,4.8,42.6,57.6,72.7,40.4,63.7,0,stub-1,1.0,1.0
1,B,W3,DC,Balance,40,4.8,51.6,5.5,68.4,44.4,64.5,0,stub-1,1.0,1.0
1,B,W4,DC,Balance,40,4.8,28.6,33.2,63.0,40.8,61.6,0,stub-1,1.0,1.0
1,B,W5,DC,Balance,40,4.8,9.6,32.4,56.7,34.3,59.0,0,stub-1,1.0,1.0
1,B,W6,DC,Balance,40,4.8,82.1,28.1,78.5,51.4,65.6,0,stub-1,1.0,1.0
1,B,W7,DC,Balance,40,4.8,46.8,49.0,67.6,39.9,62.3,0,stub-1,1.0,1.0
1,B,W0,AC,Balance,40,4.8,77.1,23.0,80.1,48.2,67.1,0,stub-1,1.0,1.0
1,B,W1,AC,Balance,40,4.8,53.0,41.8,70.9,41.6,63.0,0,stub-1,1.0,1.0
1,B,W2,AC,Balance,40,4.8,29.6,76.6,62.3,40.1,63.7,0,stub-1,1.0,1.0
1,B,W3,AC,Balance,40,4.8,89.1,45.0,76.4,53.1,67.2,0,stub-1,1.0,1.0
1,B,W4,AC,Balance,40,4.8,44.0,62.5,73.2,42.1,65.5,0,stub-1,1.0,1.0
1,B,W5,AC,Balance,40,4.8,88.0,55.5,81.6,53.0,65.9,0,stub-1,1.0,1.0
1,B,W6,AC,Balance,40,4.8,65.6,65.7,73.0,47.8,66.2,0,stub-1,1.0,1.0
1,B,W7,AC,Balance,40,4.8,87.6,23.6,78.3,52.9,67.9,0,stub-1,1.0,1.0
1,B,W0,DC,Balance,40,4.8,75.6,90.6,72.6,50.5,66.5,0,stub-1,1.0,1.0
1,B,W1,DC,Balance,40,4.8,66.7,18.9,80.4,49.6,67.2,0,stub-1,1.0,1.0
1,B,W2,DC,Balance,40,4.8,8.8,80.3,57.1,33.1,59.4,0,stub-1,1.0,1.0
1,B,W3,DC,Balance,40,4.8,18.9,87.1,59.2,32.6,63.0,0,stub-1,1.0,1.0
1,B,W4,DC,Balance,40,4.8,18.7,76.9,63.4,34.0,62.3,0,stub-1,1.0,1.0
1,B,W5,DC,Balance,40,4.8,25.1,54.1,62.8,37.8,63.2,0,stub-1,1.0,1.0
1,B,W6,DC,Balance,40,4.8,70.5,43.7,74.3,46.9,65.8,0,stub-1,1.0,1.0
1,B,W7,DC,Balance,40,4.8,88.1,94.7,78.5,54.6,67.4,0,stub-1,1.0,1.0
1,B,W0,AC,Beast,65,5.0,31.2,36.3,66.2,53.5,68.3,0,stub-1,1.0,1.0
1,B,W1,AC,Beast,65,5.0,48.6,82.8,70.5,58.4,68.4,0,stub-1,1.0,1.0
1,B,W2,AC,Beast,65,5.0,13.0,17.6,60.3,55.3,69.0,0,stub-1,1.0,1.0
1,B,W3,AC,Beast,65,5.0,7.9,58.9,57.9,51.6,66.8,0,stub-1,1.0,1.0
1,B,W4,AC,Beast,65,5.0,90.0,64.1,85.3,71.7,73.0,0,stub-1,1.0,1.0
1,B,W5,AC,Beast,65,5.0,21.1,75.9,64.1,53.0,68.1,0,stub-1,1.0,1.0
1,B,W6,AC,Beast,65,5.0,55.3,13.6,68.0,61.0,69.0,0,stub-1,1.0,1.0
1,B,W7,AC,Beast,65,5.0,8.0,51.2,57.9,52.2,68.5,0,stub-1,1.0,1.0
1,B,W0,DC,Beast,65,5.0,16.9,57.0,60.5,53.7,67.3,0,stub-1,1.0,1.0
1,B,W1,DC,Beast,65,5.0,20.3,89.7,61.6,51.2,69.4,0,stub-1,1.0,1.0
1,B,W2,DC,Beast,65,5.0,83.6,48.2,81.7,70.2,74.1,0,stub-1,1.0,1.0
1,B,W3,DC,Beast,65,5.0,53.2,15.6,71.4,60.4,70.3,0,stub-1,1.0,1.0
1,B,W4,DC,Beast,65,5.0,53.2,50.6,71.1,62.6,70.1,0,stub-1,1.0,1.0
1,B,W5,DC,Beast,65,5.0,26.6,83.4,66.1,50.5,66.6,0,stub-1,1.0,1.0
1,B,W6,DC,Beast,65,5.0,6.4,89.9,54.0,49.7,64.3,0,stub-1,1.0,1.0
1,B,W7,DC,Beast,65,5.0,25.6,72.5,62.7,55.3,69.3,0,stub-1,1.0,1.0
1,B,W0,AC,Beast,65,5.0,7.8,40.4,57.2,49.6,66.8,0,stub-1,1.0,1.0
1,B,W1,AC,Beast,65,5.0,57.1,26.1,72.7,59.7,68.4,0,stub-1,1.0,1.0
1,B,W2,AC,Beast,65,5.0,69.0,10.6,76.9,68.4,73.4,0,stub-1,1.0,1.0
1,B,W3,AC,Beast,65,5.0,67.3,78.3,76.2,63.3,73.4,0,stub-1,1.0,1.0
1,B,W4,AC,Beast,65,5.0,46.6,87.9,77.6,60.2,68.8,1,stub-1,1.0,1.0
1,B,W5,AC,Beast,65,5.0,27.0,71.0,66.7,54.3,67.2,0,stub-1,1.0,1.0
1,B,W6,AC,Beast,65,5.0,36.0,17.6,68.3,58.5,67.5,0,stub-1,1.0,1.0
1,B,W7,AC,Beast,65,5.0,94.8,76.2,91.2,70.1,73.8,0,stub-1,1.0,1.0
1,B,W0,DC,Extreme,65,5.2,75.1,86.7,80.9,64.5,72.2,0,stub-1,1.0,1.0
1,B,W1,DC,Extreme,65,5.2,81.1,75.8,86.5,71.5,75.3,0,stub-1,1.0,1.0
1,B,W2,DC,Extreme,65,5.2,36.4,19.6,74.4,56.6,68.8,0,stub-1,1.0,1.0
1,B,W3,DC,Extreme,65,5.2,89.3,86.4,83.2,70.9,71.0,0,stub-1,1.0,1.0
1,B,W4,DC,Extreme,65,5.2,77.2,58.1,76.3,69.3,73.9,0,stub-1,1.0,1.0
1,B,W5,DC,Extreme,65,5.2,91.5,52.9,79.5,72.5,74.1,0,stub-1,1.0,1.0
1,B,W6,DC,Extreme,65,5.2,92.2,75.9,85.5,75.6,75.6,0,stub-1,1.0,1.0
1,B,W7,DC,Extreme,65,5.2,46.2,26.3,74.7,55.4,68.6,0,stub-1,1.0,1.0
1,B,W0,AC,Extreme,65,5.2,66.7,68.9,74.4,67.3,73.2,0,stub-1,1.0,1.0
1,B,W1,AC,Extreme,65,5.2,89.8,79.3,80.6,70.4,74.0,0,stub-1,1.0,1.0
1,B,W2,AC,Extreme,65,5.2,63.7,80.3,75.5,66.6,73.7,1,stub-1,1.0,1.0
1,B,W3,AC,Extreme,65,5.2,49.0,6.5,69.0,63.3,72.9,0,stub-1,1.0,1.0
1,B,W4,AC,Extreme,65,5.2,42.7,59.4,69.1,59.3,70.1,0,stub-1,1.0,1.0
1,B,W5,AC,Extreme,65,5.2,60.7,31.3,79.5,64.9,72.3,0,stub-1,1.0,1.0
1,B,W6,AC,Extreme,65,5.2,68.1,44.8,76.0,62.4,72.5,0,stub-1,1.0,1.0
1,B,W7,AC,Extreme,65,5.2,8.7,79.1,65.4,50.7,67.8,0,stub-1,1.0,1.0
1,B,W0,DC,Extreme,65,5.2,91.2,37.6,86.4,75.6,73.0,0,stub-1,1.0,1.0
1,B,W1,DC,Extreme,65,5.2,40.5,50.0,67.1,60.6,69.7,0,stub-1,1.0,1.0
1,B,W2,DC,Extreme,65,5.2,94.0,22.1,87.0,71.2,73.9,0,stub-1,1.0,1.0
1,B,W3,DC,Extreme,65,5.2,90.1,45.9,85.0,71.7,73.0,0,stub-1,1.0,1.0
1,B,W4,DC,Extreme,65,5.2,36.7,14.1,64.4,56.0,67.2,0,stub-1,1.0,1.0
1,B,W5,DC,Extreme,65,5.2,85.4,65.0,83.5,72.5,75.3,0,stub-1,1.0,1.0
1,B,W6,DC,Extreme,65,5.2,45.0,91.2,69.5,61.7,69.6,0,stub-1,1.0,1.0
1,B,W7,DC,Extreme,65,5.2,52.0,65.9,72.2,63.3,70.2,0,stub-1,1.0,1.0
1,B,W0,AC,Quiet,25,3.8,37.7,92.9,59.6,29.5,58.6,0,stub-1,1.0,1.0
1,B,W1,AC,Quiet,25,3.8,45.3,72.6,52.9,32.7,58.9,0,stub-1,1.0,1.0
1,B,W2,AC,Quiet,25,3.8,72.5,8.2,63.3,38.2,65.4,0,stub-1,1.0,1.0
1,B,W3,AC,Quiet,25,3.8,57.9,56.9,58.1,35.3,61.8,0,stub-1,1.0,1.0
1,B,W4,AC,Quiet,25,3.8,72.3,62.7,63.0,40.5,62.7,0,stub-1,1.0,1.0
1,B,W5,AC,Quiet,25,3.8,93.0,63.4,73.4,43.6,62.1,0,stub-1,1.0,1.0
1,B,W6,AC,Quiet,25,3.8,39.2,91.7,53.5,25.6,57.8,0,stub-1,1.0,1.0
1,B,W7,AC,Quiet,25,3.8,56.8,79.3,61.4,33.6,59.4,0,stub-1,1.0,1.0
1,B,W0,DC,Quiet,25,3.8,17.6,51.4,49.9,22.1,56.7,0,stub-1,1.0,1.0
1,B,W1,DC,Quiet,25,3.8,33.1,9.8,51.1,26.4,59.6,0,stub-1,1.0,1.0
1,B,W2,DC,Quiet,25,3.8,92.0,91.6,70.5,43.9,65.3,0,stub-1,1.0,1.0
1,B,W3,DC,Quiet,25,3.8,44.4,14.8,55.5,29.8,60.9,0,stub-1,1.0,1.0
1,B,W4,DC,Quiet,25,3.8,39.7,91.7,54.6,30.0,60.9,0,stub-1,1.0,1.0
1,B,W5,DC,Quiet,25,3.8,62.3,75.1,59.4,34.1,61.7,0,stub-1,1.0,1.0
1,B,W6,DC,Quiet,25,3.8,73.1,47.3,60.0,36.3,61.7,0,stub-1,1.0,1.0
1,B,W7,DC,Quiet,25,3.8,37.6,87.6,51.8,26.5,58.1,0,stub-1,1.0,1.0
1,B,W0,AC,Quiet,25,3.8,61.7,28.4,61.1,33.8,61.7,0,stub-1,1.0,1.0
1,B,W1,AC,Quiet,25,3.8,36.8,89.6,50.6,27.8,59.8,0,stub-1,1.0,1.0
1,B,W2,AC,Quiet,25,3.8,11.3,54.4,47.0,18.3,53.1,0,stub-1,1.0,1.0
1,B,W3,AC,Quiet,25,3.8,32.6,63.0,55.7,29.6,58.9,0,stub-1,1.0,1.0
1,B,W4,AC,Quiet,25,3.8,67.3,74.7,56.9,38.8,62.5,0,stub-1,1.0,1.0
1,B,W5,AC,Quiet,25,3.8,77.5,36.5,62.7,40.1,65.8,0,stub-1,1.0,1.0
1,B,W6,AC,Quiet,25,3.8,52.9,51.9,55.4,28.4,59.8,0,stub-1,1.0,1.0
1,B,W7,AC,Quiet,25,3.8,10.9,42.2,48.8,17.3,55.0,0,stub-1,1.0,1.0
1,B,W0,DC,Balance,40,4.8,65.1,57.0,70.2,47.8,65.3,0,stub-1,1.0,1.0
1,B,W1,DC,Balance,40,4.8,76.0,80.5,82.2,50.9,68.6,0,stub-1,1.0,1.0
1,B,W2,DC,Balance,40,4.8,72.9,50.1,80.8,45.8,64.9,0,stub-1,1.0,1.0
1,B,W3,DC,Balance,40,4.8,84.1,16.8,73.2,50.4,64.4,0,stub-1,1.0,1.0
1,B,W4,DC,Balance,40,4.8,60.1,29.8,75.8,46.1,65.7,0,stub-1,1.0,1.0
1,B,W5,DC,Balance,40,4.8,25.1,13.4,60.1,33.5,57.1,0,stub-1,1.0,1.0
1,B,W6,DC,Balance,40,4.8,77.2,37.4,76.5,48.7,66.8,0,stub-1,1.0,1.0
1,B,W7,DC,Balance,40,4.8,5.3,61.6,54.4,31.8,61.1,0,stub-1,1.0,1.0
1,B,W0,AC,Balance,40,4.8,10.3,45.1,53.0,30.9,62.5,0,stub-1,1.0,1.0
1,B,W1,AC,Balance,40,4.8,14.9,25.2,60.8,32.0,59.2,0,stub-1,1.0,1.0
1,B,W2,AC,Balance,40,4.8,34.8,56.2,66.0,41.9,64.4,0,stub-1,1.0,1.0
1,B,W3,AC,Balance,40,4.8,53.3,7.7,75.7,43.4,63.8,0,stub-1,1.0,1.0
1,B,W4,AC,Balance,40,4.8,50.4,43.2,73.2,43.6,63.9,0,stub-1,1.0,1.0
1,B,W5,AC,Balance,40,4.8,51.1,58.0,65.6,43.3,67.1,0,stub-1,1.0,1.0
1,B,W6,AC,Balance,40,4.8,94.6,77.4,84.3,53.6,68.3,0,stub-1,1.0,1.0
1,B,W7,AC,Balance,40,4.8,48.0,17.0,68.5,39.0,63.3,0,stub-1,1.0,1.0
1,B,W0,DC,Balance,40,4.8,68.8,45.9,73.4,48.4,64.9,0,stub-1,1.0,1.0
1,B,W1,DC,Balance,40,4.8,22.5,71.2,62.9,33.1,60.4,0,stub-1,1.0,1.0
1,B,W2,DC,Balance,40,4.8,22.8,68.3,62.4,36.8,59.7,0,stub-1,1.0,1.0
1,B,W3,DC,Balance,40,4.8,72.3,90.3,73.7,51.0,65.7,0,stub-1,1.0,1.0
1,B,W4,DC,Balance,40,4.8,69.8,10.6,74.9,47.8,67.3,0,stub-1,1.0,1.0
1,B,W5,DC,Balance,40,4.8,28.7,37.0,59.6,38.3,64.2,0,stub-1,1.0,1.0
1,B,W6,DC,Balance,40,4.8,94.2,32.5,83.4,54.2,66.0,0,stub-1,1.0,1.0
1,B,W7,DC,Balance,40,4.8,77.4,46.0,81.9,50.3,67.0,0,stub-1,1.0,1.0
1,B,W0,AC,Beast,65,5.0,18.8,75.0,53.8,53.8,70.1,0,stub-1,1.0,1.0
1,B,W1,AC,Beast,65,5.0,47.9,79.0,68.1,60.9,70.8,0,stub-1,1.0,1.0
1,B,W2,AC,Beast,65,5.0,55.7,50.7,73.7,63.7,74.6,0,stub-1,1.0,1.0
1,B,W3,AC,Beast,65,5.0,90.1,93.2,83.6,68.2,73.8,0,stub-1,1.0,1.0
1,B,W4,AC,Beast,65,5.0,39.6,78.1,69.5,57.2,70.0,0,stub-1,1.0,1.0
1,B,W5,AC,Beast,65,5.0,39.1,5.8,68.6,59.6,67.6,0,stub-1,1.0,1.0
1,B,W6,AC,Beast,65,5.0,46.7,8.9,73.4,58.3,70.6,0,stub-1,1.0,1.0
1,B,W7,AC,Beast,65,5.0,61.2,84.7,75.8,60.8,70.5,0,stub-1,1.0,1.0
1,B,W0,DC,Beast,65,5.0,23.5,26.9,66.5,52.8,69.1,0,stub-1,1.0,1.0
1,B,W1,DC,Beast,65,5.0,16.4,23.0,64.5,49.5,66.9,0,stub-1,1.0,1.0
1,B,W2,DC,Beast,65,5.0,62.3,68.6,73.9,64.2,71.4,0,stub-1,1.0,1.0
1,B,W3,DC,Beast,65,5.0,41.0,65.6,68.0,58.1,68.3,0,stub-1,1.0,1.0
1,B,W4,DC,Beast,65,5.0,63.5,67.3,73.6,64.5,73.3,1,stub-1,1.0,1.0
1,B,W5,DC,Beast,65,5.0,26.5,93.8,62.7,54.9,69.7,0,stub-1,1.0,1.0
1,B,W6,DC,Beast,65,5.0,75.9,79.1,75.5,65.1,72.4,0,stub-1,1.0,1.0
1,B,W7,DC,Beast,65,5.0,92.9,77.2,83.8,72.5,74.5,0,stub-1,1.0,1.0
1,B,W0,AC,Beast,65,5.0,26.6,88.8,65.8,57.6,71.1,0,stub-1,1.0,1.0
1,B,W1,AC,Beast,65,5.0,87.7,28.7,80.3,70.8,74.0,0,stub-1,1.0,1.0
1,B,W2,AC,Beast,65,5.0,73.1,14.3,82.6,66.3,73.2,0,stub-1,1.0,1.0
1,B,W3,AC,Beast,65,5.0,51.1,14.5,76.8,62.0,67.6,0,stub-1,1.0,1.0
1,B,W4,AC,Beast,65,5.0,87.5,5.2,84.3,68.5,73.7,0,stub-1,1.0,1.0
1,B,W5,AC,Beast,65,5.0,58.5,77.0,70.7,63.6,71.5,0,stub-1,1.0,1.0
1,B,W6,AC,Beast,65,5.0,54.1,31.2,72.3,62.0,70.7,0,stub-1,1.0,1.0
1,B,W7,AC,Beast,65,5.0,79.7,78.0,79.1,67.5,72.8,0,stub-1,1.0,1.0
1,B,W0,DC,Extreme,65,5.2,63.5,23.6,76.3,64.7,73.5,0,stub-1,1.0,1.0
1,B,W1,DC,Extreme,65,5.2,36.7,13.5,69.5,56.8,66.0,0,stub-1,1.0,1.0
1,B,W2,DC,Extreme,65,5.2,81.3,14.1,80.9,70.2,73.6,0,stub-1,1.0,1.0
1,B,W3,DC,Extreme,65,5.2,93.1,74.2,84.2,72.8,74.5,0,stub-1,1.0,1.0
1,B,W4,DC,Extreme,65,5.2,15.2,67.3,61.1,50.3,65.1,0,stub-1,1.0,1.0
1,B,W5,DC,Extreme,65,5.2,63.4,87.5,78.4,63.9,68.7,0,stub-1,1.0,1.0
1,B,W6,DC,Extreme,65,5.2,87.2,80.3,84.0,69.9,72.3,0,stub-1,1.0,1.0
1,B,W7,DC,Extreme,65,5.2,43.8,84.0,66.8,61.2,73.7,0,stub-1,1.0,1.0
1,B,W0,AC,Extreme,65,5.2,44.8,68.6,72.3,61.1,69.6,0,stub-1,1.0,1.0
1,B,W1,AC,Extreme,65,5.2,13.5,44.9,65.8,54.2,67.7,0,stub-1,1.0,1.0
1,B,W2,AC,Extreme,65,5.2,88.9,73.6,89.7,65.4,71.9,0,stub-1,1.0,1.0
1,B,W3,AC,Extreme,65,5.2,42.1,6.9,69.2,59.2,72.8,0,stub-1,1.0,1.0
1,B,W4,AC,Extreme,65,5.2,87.9,34.6,85.1,67.2,74.6,0,stub-1,1.0,1.0
1,B,W5,AC,Extreme,65,5.2,14.4,79.3,60.4,50.4,68.6,0,stub-1,1.0,1.0
1,B,W6,AC,Extreme,65,5.2,38.0,53.4,72.2,57.4,67.0,0,stub-1,1.0,1.0
1,B,W7,AC,Extreme,65,5.2,53.5,89.4,73.9,58.0,71.1,0,stub-1,1.0,1.0
1,B,W0,DC,Extreme,65,5.2,67.1,92.1,80.3,66.0,71.3,0,stub-1,1.0,1.0
1,B,W1,DC,Extreme,65,5.2,6.2,28.4,67.9,48.1,61.4,0,stub-1,1.0,1.0
1,B,W2,DC,Extreme,65,5.2,20.9,44.4,63.9,50.4,66.6,0,stub-1,1.0,1.0
1,B,W3,DC,Extreme,65,5.2,28.1,7.5,62.7,54.6,67.2,0,stub-1,1.0,1.0
1,B,W4,DC,Extreme,65,5.2,28.4,91.8,65.2,53.1,66.4,0,stub-1,1.0,1.0
1,B,W5,DC,Extreme,65,5.2,32.4,10.8,65.5,56.5,68.9,0,stub-1,1.0,1.0
1,B,W6,DC,Extreme,65,5.2,37.5,17.8,73.0,59.1,71.9,0,stub-1,1.0,1.0
1,B,W7,DC,Extreme,65,5.2,29.6,74.2,67.2,55.9,69.2,0,stub-1,1.0,1.0
1,B,W0,AC,Quiet,25,3.8,32.3,41.8,51.5,24.8,57.6,0,stub-1,1.0,1.0
1,B,W1,AC,Quiet,25,3.8,88.9,35.8,67.3,41.7,63.3,0,stub-1,1.0,1.0
1,B,W2,AC,Quiet,25,3.8,79.6,25.4,69.3,36.2,61.1,1,stub-1,1.0,1.0
1,B,W3,AC,Quiet,25,3.8,22.1,86.4,47.8,25.7,59.8,0,stub-1,1.0,1.0
1,B,W4,AC,Quiet,25,3.8,57.8,64.5,60.6,34.4,64.5,0,stub-1,1.0,1.0
1,B,W5,AC,Quiet,25,3.8,63.7,56.3,66.4,35.1,61.8,0,stub-1,1.0,1.0
1,B,W6,AC,Quiet,25,3.8,6.3,81.7,50.7,23.8,55.7,0,stub-1,1.0,1.0
1,B,W7,AC,Quiet,25,3.8,17.5,75.9,52.2,22.9,58.4,0,stub-1,1.0,1.0
1,B,W0,DC,Quiet,25,3.8,52.1,15.0,58.3,35.5,61.1,0,stub-1,1.0,1.0
1,B,W1,DC,Quiet,25,3.8,73.8,25.2,67.2,38.1,63.3,0,stub-1,1.0,1.0
1,B,W2,DC,Quiet,25,3.8,39.6,37.9,52.6,26.9,58.7,0,stub-1,1.0,1.0
1,B,W3,DC,Quiet,25,3.8,80.3,26.1,65.5,41.4,63.8,0,stub-1,1.0,1.0
1,B,W4,DC,Quiet,25,3.8,15.4,46.4,47.7,21.5,57.8,0,stub-1,1.0,1.0
1,B,W5,DC,Quiet,25,3.8,25.8,44.6,53.2,25.6,58.4,0,stub-1,1.0,1.0
1,B,W6,DC,Quiet,25,3.8,37.5,47.2,57.7,27.1,59.5,0,stub-1,1.0,1.0
1,B,W7,DC,Quiet,25,3.8,72.0,55.7,64.8,40.6,60.4,0,stub-1,1.0,1.0
1,B,W0,AC,Quiet,25,3.8,82.2,14.9,70.2,38.9,62.7,0,stub-1,1.0,1.0
1,B,W1,AC,Quiet,25,3.8,82.8,24.1,68.7,41.3,64.0,0,stub-1,1.0,1.0
1,B,W2,AC,Quiet,25,3.8,88.2,46.5,68.2,40.5,61.9,0,stub-1,1.0,1.0
1,B,W3,AC,Quiet,25,3.8,64.7,37.5,62.6,39.4,65.7,0,stub-1,1.0,1.0
1,B,W4,AC,Quiet,25,3.8,48.3,21.2,61.6,31.1,59.6,0,stub-1,1.0,1.0
1,B,W5,AC,Quiet,25,3.8,71.6,53.3,63.7,37.2,63.8,0,stub-1,1.0,1.0
1,B,W6,AC,Quiet,25,3.8,59.4,63.6,63.7,36.7,64.2,0,stub-1,1.0,1.0
1,B,W7,AC,Quiet,25,3.8,82.2,38.1,65.1,40.8,62.7,0,stub-1,1.0,1.0
1,B,W0,DC,Balance,40,4.8,25.4,58.8,63.3,35.5,61.5,0,stub-1,1.0,1.0
1,B,W1,DC,Balance,40,4.8,44.5,17.6,68.5,42.2,66.1,0,stub-1,1.0,1.0
1,B,W2,DC,Balance,40,4.8,57.5,89.5,67.6,46.1,68.8,0,stub-1,1.0,1.0
1,B,W3,DC,Balance,40,4.8,47.9,51.0,69.2,44.1,63.9,0,stub-1,1.0,1.0
1,B,W4,DC,Balance,40,4.8,94.3,60.9,82.8,57.6,70.9,0,stub-1,1.0,1.0
1,B,W5,DC,Balance,40,4.8,25.4,91.5,73.6,35.1,62.7,0,stub-1,1.0,1.0
1,B,W6,DC,Balance,40,4.8,35.9,65.2,68.1,39.0,64.1,0,stub-1,1.0,1.0
1,B,W7,DC,Balance,40,4.8,5.0,59.7,61.4,30.6,61.4,0,stub-1,1.0,1.0
1,B,W0,AC,Balance,40,4.8,55.6,69.1,72.2,45.0,67.5,0,stub-1,1.0,1.0
1,B,W1,AC,Balance,40,4.8,18.4,17.3,65.6,31.6,59.8,0,stub-1,1.0,1.0
1,B,W2,AC,Balance,40,4.8,84.8,10.1,79.1,52.6,66.0,0,stub-1,1.0,1.0
1,B,W3,AC,Balance,40,4.8,85.0,64.6,77.3,54.7,65.2,0,stub-1,1.0,1.0
1,B,W4,AC,Balance,40,4.8,29.2,89.8,62.6,37.3,62.7,1,stub-1,1.0,1.0
1,B,W5,AC,Balance,40,4.8,31.1,31.0,63.2,41.4,62.9,0,stub-1,1.0,1.0
1,B,W6,AC,Balance,40,4.8,42.8,52.6,70.4,37.6,61.1,0,stub-1,1.0,1.0
1,B,W7,AC,Balance,40,4.8,15.5,26.9,56.6,32.0,58.5,0,stub-1,1.0,1.0
1,B,W0,DC,Balance,40,4.8,77.1,85.9,78.7,49.1,69.0,0,stub-1,1.0,1.0
1,B,W1,DC,Balance,40,4.8,56.3,21.3,73.9,43.5,63.1,0,stub-1,1.0,1.0
1,B,W2,DC,Balance,40,4.8,26.3,38.0,58.1,35.8,63.7,0,stub-1,1.0,1.0
1,B,W3,DC,Balance,40,4.8,47.5,65.5,70.7,41.8,63.4,0,stub-1,1.0,1.0
1,B,W4,DC,Balance,40,4.8,47.8,66.0,67.5,39.0,64.3,0,stub-1,1.0,1.0
1,B,W5,DC,Balance,40,4.8,26.0,43.8,69.3,37.5,61.8,0,stub-1,1.0,1.0
1,B,W6,DC,Balance,40,4.8,41.8,91.5,68.7,39.4,62.7,0,stub-1,1.0,1.0
1,B,W7,DC,Balance,40,4.8,64.7,74.0,70.5,47.2,66.3,0,stub-1,1.0,1.0
1,B,W0,AC,Beast,65,5.0,24.3,28.9,65.9,54.3,66.7,0,stub-1,1.0,1.0
1,B,W1,AC,Beast,65,5.0,12.0,57.4,62.6,53.3,67.0,0,stub-1,1.0,1.0
1,B,W2,AC,Beast,65,5.0,37.0,68.4,66.1,57.9,69.0,0,stub-1,1.0,1.0
1,B,W3,AC,Beast,65,5.0,19.5,38.3,63.0,56.2,68.1,0,stub-1,1.0,1.0
1,B,W4,AC,Beast,65,5.0,80.2,62.8,76.8,66.3,73.2,0,stub-1,1.0,1.0
1,B,W5,AC,Beast,65,5.0,32.1,28.0,66.1,57.3,67.2,0,stub-1,1.0,1.0
1,B,W6,AC,Beast,65,5.0,81.5,83.8,78.6,68.3,74.7,0,stub-1,1.0,1.0
1,B,W7,AC,Beast,65,5.0,70.3,29.5,77.5,66.2,72.2,0,stub-1,1.0,1.0
1,B,W0,DC,Beast,65,5.0,20.6,67.6,65.4,53.2,67.4,0,stub-1,1.0,1.0
1,B,W1,DC,Beast,65,5.0,93.8,6.7,88.5,75.7,77.8,0,stub-1,1.0,1.0
1,B,W2,DC,Beast,65,5.0,92.3,18.4,81.5,73.9,74.2,0,stub-1,1.0,1.0
1,B,W3,DC,Beast,65,5.0,28.3,9.9,68.2,56.2,69.1,0,stub-1,1.0,1.0
1,B,W4,DC,Beast,65,5.0,13.2,61.2,60.4,49.7,67.0,0,stub-1,1.0,1.0
1,B,W5,DC,Beast,65,5.0,49.3,22.0,66.6,62.9,70.2,0,stub-1,1.0,1.0
1,B,W6,DC,Beast,65,5.0,9.6,18.9,59.1,48.4,65.7,0,stub-1,1.0,1.0
1,B,W7,DC,Beast,65,5.0,76.7,77.2,76.9,69.9,74.6,0,stub-1,1.0,1.0
1,B,W0,AC,Beast,65,5.0,22.2,68.7,65.5,50.2,66.7,0,stub-1,1.0,1.0
1,B,W1,AC,Beast,65,5.0,64.7,55.9,76.9,65.4,72.7,0,stub-1,1.0,1.0
1,B,W2,AC,Beast,65,5.0,57.4,14.7,72.1,61.6,70.5,0,stub-1,1.0,1.0
1,B,W3,AC,Beast,65,5.0,70.2,7.8,80.3,65.8,71.0,0,stub-1,1.0,1.0
1,B,W4,AC,Beast,65,5.0,31.2,62.6,64.7,53.3,68.5,0,stub-1,1.0,1.0
1,B,W5,AC,Beast,65,5.0,64.6,28.5,74.4,65.4,72.8,0,stub-1,1.0,1.0
1,B,W6,AC,Beast,65,5.0,74.4,79.4,76.7,62.2,71.1,0,stub-1,1.0,1.0
1,B,W7,AC,Beast,65,5.0,33.4,69.9,64.4,59.0,70.4,0,stub-1,1.0,1.0
1,B,W0,DC,Extreme,65,5.2,13.0,9.4,61.7,51.1,69.7,0,stub-1,1.0,1.0
1,B,W1,DC,Extreme,65,5.2,46.6,22.8,70.3,61.6,71.8,0,stub-1,1.0,1.0
1,B,W2,DC,Extreme,65,5.2,51.9,37.7,73.6,58.9,69.7,1,stub-1,1.0,1.0
1,B,W3,DC,Extreme,65,5.2,39.8,48.5,69.5,58.1,71.6,0,stub-1,1.0,1.0
1,B,W4,DC,Extreme,65,5.2,25.0,33.6,62.1,54.7,68.3,0,stub-1,1.0,1.0
1,B,W5,DC,Extreme,65,5.2,88.5,89.1,81.7,70.1,73.1,0,stub-1,1.0,1.0
1,B,W6,DC,Extreme,65,5.2,46.0,62.3,72.5,60.3,73.4,0,stub-1,1.0,1.0
1,B,W7,DC,Extreme,65,5.2,16.6,46.9,63.7,50.9,65.9,0,stub-1,1.0,1.0
1,B,W0,AC,Extreme,65,5.2,11.2,72.6,63.3,48.6,67.3,0,stub-1,1.0,1.0
1,B,W1,AC,Extreme,65,5.2,13.5,91.7,65.1,52.8,67.9,0,stub-1,1.0,1.0
1,B,W2,AC,Extreme,65,5.2,74.1,17.2,81.5,67.5,73.6,0,stub-1,1.0,1.0
1,B,W3,AC,Extreme,65,5.2,20.2,20.6,68.6,53.2,66.1,0,stub-1,1.0,1.0
1,B,W4,AC,Extreme,65,5.2,35.4,16.1,70.1,62.3,71.7,0,stub-1,1.0,1.0
1,B,W5,AC,Extreme,65,5.2,85.3,86.4,85.2,65.0,72.4,0,stub-1,1.0,1.0
1,B,W6,AC,Extreme,65,5.2,59.4,31.0,71.8,63.9,71.3,0,stub-1,1.0,1.0
1,B,W7,AC,Extreme,65,5.2,22.4,91.2,64.5,56.5,70.5,0,stub-1,1.0,1.0
1,B,W0,DC,Extreme,65,5.2,35.5,27.3,69.6,59.3,70.6,0,stub-1,1.0,1.0
1,B,W1,DC,Extreme,65,5.2,81.9,33.9,82.6,70.6,75.9,0,stub-1,1.0,1.0
1,B,W2,DC,Extreme,65,5.2,35.7,21.9,65.0,58.9,70.9,1,stub-1,1.0,1.0
1,B,W3,DC,Extreme,65,5.2,73.7,59.6,77.5,70.9,71.6,0,stub-1,1.0,1.0
1,B,W4,DC,Extreme,65,5.2,34.4,81.4,70.4,55.3,67.4,0,stub-1,1.0,1.0
1,B,W5,DC,Extreme,65,5.2,39.0,14.9,72.9,58.6,72.7,0,stub-1,1.0,1.0
1,B,W6,DC,Extreme,65,5.2,42.0,62.2,75.4,56.5,68.9,0,stub-1,1.0,1.0
1,B,W7,DC,Extreme,65,5.2,77.4,94.2,88.2,67.4,70.1,0,stub-1,1.0,1.0
1,B,W0,AC,Quiet,25,3.8,78.2,27.8,64.0,37.1,62.4,0,stub-1,1.0,1.0
1,B,W1,AC,Quiet,25,3.8,53.5,35.3,57.3,33.1,59.3,0,stub-1,1.0,1.0
1,B,W2,AC,Quiet,25,3.8,80.9,81.3,67.6,38.7,64.8,0,stub-1,1.0,1.0
1,B,W3,AC,Quiet,25,3.8,63.7,9.3,59.7,36.7,60.5,0,stub-1,1.0,1.0
1,B,W4,AC,Quiet,25,3.8,46.0,35.5,57.7,26.9,59.1,0,stub-1,1.0,1.0
1,B,W5,AC,Quiet,25,3.8,27.4,14.0,49.9,25.3,58.2,0,stub-1,1.0,1.0
1,B,W6,AC,Quiet,25,3.8,76.7,25.4,66.2,38.6,62.5,0,stub-1,1.0,1.0
1,B,W7,AC,Quiet,25,3.8,46.6,41.2,54.8,32.1,56.7,0,stub-1,1.0,1.0
1,B,W0,DC,Quiet,25,3.8,32.9,61.9,55.6,25.5,59.9,0,stub-1,1.0,1.0
1,B,W1,DC,Quiet,25,3.8,33.0,83.7,50.1,26.1,57.8,0,stub-1,1.0,1.0
1,B,W2,DC,Quiet,25,3.8,57.9,79.6,56.5,33.2,57.9,0,stub-1,1.0,1.0
1,B,W3,DC,Quiet,25,3.8,23.7,37.6,53.4,21.2,59.3,0,stub-1,1.0,1.0
1,B,W4,DC,Quiet,25,3.8,67.6,16.2,63.3,35.7,60.1,0,stub-1,1.0,1.0
1,B,W5,DC,Quiet,25,3.8,43.6,13.3,54.2,26.1,57.7,0,stub-1,1.0,1.0
1,B,W6,DC,Quiet,25,3.8,76.0,37.1,65.8,41.4,63.8,0,stub-1,1.0,1.0
1,B,W7,DC,Quiet,25,3.8,84.5,94.3,65.4,38.6,63.1,0,stub-1,1.0,1.0
1,B,W0,AC,Quiet,25,3.8,68.9,88.7,63.7,37.9,61.1,0,stub-1,1.0,1.0
1,B,W1,AC,Quiet,25,3.8,21.8,54.2,54.1,21.1,56.4,0,stub-1,1.0,1.0
1,B,W2,AC,Quiet,25,3.8,17.9,91.1,52.6,23.0,57.3,0,stub-1,1.0,1.0
1,B,W3,AC,Quiet,25,3.8,54.6,73.4,57.2,33.9,59.8,0,stub-1,1.0,1.0
1,B,W4,AC,Quiet,25,3.8,88.2,23.7,71.9,41.6,66.2,0,stub-1,1.0,1.0
1,B,W5,AC,Quiet,25,3.8,51.0,88.9,54.1,30.6,59.4,0,stub-1,1.0,1.0
1,B,W6,AC,Quiet,25,3.8,61.8,77.3,57.4,35.7,61.4,0,stub-1,1.0,1.0
1,B,W7,AC,Quiet,25,3.8,42.8,51.2,58.1,28.6,59.2,0,stub-1,1.0,1.0
1,B,W0,DC,Balance,40,4.8,5.5,35.6,55.7,27.6,58.7,0,stub-1,1.0,1.0
1,B,W1,DC,Balance,40,4.8,51.5,20.8,71.9,39.3,60.8,0,stub-1,1.0,1.0
1,B,W2,DC,Balance,40,4.8,23.2,57.7,60.8,32.2,59.7,0,stub-1,1.0,1.0
1,B,W3,DC,Balance,40,4.8,80.5,88.3,73.1,54.9,69.4,0,stub-1,1.0,1.0
1,B,W4,DC,Balance,40,4.8,44.8,12.8,72.6,42.6,63.5,0,stub-1,1.0,1.0
1,B,W5,DC,Balance,40,4.8,62.5,94.8,71.2,43.9,66.6,0,stub-1,1.0,1.0
1,B,W6,DC,Balance,40,4.8,27.1,22.9,64.4,38.2,61.4,0,stub-1,1.0,1.0
1,B,W7,DC,Balance,40,4.8,19.6,24.7,59.0,35.6,62.0,0,stub-1,1.0,1.0
1,B,W0,AC,Balance,40,4.8,33.4,50.4,65.9,40.2,59.3,0,stub-1,1.0,1.0
1,B,W1,AC,Balance,40,4.8,48.8,90.0,71.8,40.8,63.4,0,stub-1,1.0,1.0
1,B,W2,AC,Balance,40,4.8,58.3,18.0,72.1,45.2,63.7,0,stub-1,1.0,1.0
1,B,W3,AC,Balance,40,4.8,36.9,43.3,58.1,37.2,63.8,0,stub-1,1.0,1.0
1,B,W4,AC,Balance,40,4.8,40.3,18.7,69.1,37.9,65.2,0,stub-1,1.0,1.0
1,B,W5,AC,Balance,40,4.8,36.9,61.7,65.8,40.8,62.5,0,stub-1,1.0,1.0
1,B,W6,AC,Balance,40,4.8,43.9,31.8,63.3,39.8,62.6,0,stub-1,1.0,1.0
1,B,W7,AC,Balance,40,4.8,18.1,37.9,53.0,36.2,59.5,0,stub-1,1.0,1.0
1,B,W0,DC,Balance,40,4.8,58.1,66.0,67.6,48.6,64.6,0,stub-1,1.0,1.0
1,B,W1,DC,Balance,40,4.8,21.4,15.4,60.3,37.8,60.6,0,stub-1,1.0,1.0
1,B,W2,DC,Balance,40,4.8,7.4,34.1,53.8,31.6,58.0,0,stub-1,1.0,1.0
1,B,W3,DC,Balance,40,4.8,52.9,88.6,74.8,41.7,62.3,0,stub-1,1.0,1.0
1,B,W4,DC,Balance,40,4.8,34.9,39.8,60.9,36.3,61.6,0,stub-1,1.0,1.0
1,B,W5,DC,Balance,40,4.8,37.7,87.2,68.6,37.6,61.9,0,stub-1,1.0,1.0
1,B,W6,DC,Balance,40,4.8,34.9,78.9,67.4,41.1,64.3,0,stub-1,1.0,1.0
1,B,W7,DC,Balance,40,4.8,10.4,77.5,58.4,33.0,61.4,0,stub-1,1.0,1.0
1,B,W0,AC,Beast,65,5.0,10.2,28.7,59.9,47.2,68.6,0,stub-1,1.0,1.0
1,B,W1,AC,Beast,65,5.0,54.6,88.0,68.9,65.8,73.9,0,stub-1,1.0,1.0
1,B,W2,AC,Beast,65,5.0,44.1,22.4,69.8,55.3,67.8,0,stub-1,1.0,1.0
1,B,W3,AC,Beast,65,5.0,72.8,58.7,78.8,67.3,72.5,0,stub-1,1.0,1.0
1,B,W4,AC,Beast,65,5.0,10.0,16.2,65.0,50.8,66.3,0,stub-1,1.0,1.0
1,B,W5,AC,Beast,65,5.0,21.3,59.8,62.4,50.8,63.3,0,stub-1,1.0,1.0
1,B,W6,AC,Beast,65,5.0,37.5,93.1,65.3,58.3,69.4,0,stub-1,1.0,1.0
1,B,W7,AC,Beast,65,5.0,92.7,94.5,85.6,71.5,73.1,0,stub-1,1.0,1.0
1,B,W0,DC,Beast,65,5.0,21.2,18.7,60.5,55.9,70.3,0,stub-1,1.0,1.0
1,B,W1,DC,Beast,65,5.0,66.3,8.0,77.4,61.7,71.6,0,stub-1,1.0,1.0
1,B,W2,DC,Beast,65,5.0,56.8,45.6,76.4,60.7,69.5,0,stub-1,1.0,1.0
1,B,W3,DC,Beast,65,5.0,82.3,87.3,83.1,68.2,72.5,0,stub-1,1.0,1.0
1,B,W4,DC,Beast,65,5.0,20.8,39.5,63.2,53.0,68.4,0,stub-1,1.0,1.0
1,B,W5,DC,Beast,65,5.0,5.5,76.8,54.1,46.7,66.5,0,stub-1,1.0,1.0
1,B,W6,DC,Beast,65,5.0,56.3,70.6,66.9,65.2,75.1,0,stub-1,1.0,1.0
1,B,W7,DC,Beast,65,5.0,60.4,33.5,72.5,62.3,71.7,0,stub-1,1.0,1.0
1,B,W0,AC,Beast,65,5.0,86.3,76.3,83.0,66.6,74.6,0,stub-1,1.0,1.0
1,B,W1,AC,Beast,65,5.0,33.6,73.2,66.7,56.3,70.8,0,stub-1,1.0,1.0
1,B,W2,AC,Beast,65,5.0,19.3,82.2,60.5,52.9,68.1,0,stub-1,1.0,1.0
1,B,W3,AC,Beast,65,5.0,73.1,18.4,77.4,67.0,70.5,0,stub-1,1.0,1.0
1,B,W4,AC,Beast,65,5.0,86.6,57.8,75.5,72.4,76.5,0,stub-1,1.0,1.0
1,B,W5,AC,Beast,65,5.0,29.9,15.2,68.6,57.0,67.8,0,stub-1,1.0,1.0
1,B,W6,AC,Beast,65,5.0,70.4,28.1,76.7,63.2,72.6,0,stub-1,1.0,1.0
1,B,W7,AC,Beast,65,5.0,70.0,24.3,79.1,65.1,70.8,0,stub-1,1.0,1.0
1,B,W0,DC,Extreme,65,5.2,38.3,87.8,80.4,55.3,66.6,0,stub-1,1.0,1.0
1,B,W1,DC,Extreme,65,5.2,77.8,73.3,83.3,64.2,72.3,0,stub-1,1.0,1.0
1,B,W2,DC,Extreme,65,5.2,41.1,90.5,69.8,58.6,69.5,0,stub-1,1.0,1.0
1,B,W3,DC,Extreme,65,5.2,9.8,93.9,60.9,47.2,64.9,0,stub-1,1.0,1.0
1,B,W4,DC,Extreme,65,5.2,16.8,62.3,62.9,53.2,67.8,0,stub-1,1.0,1.0
1,B,W5,DC,Extreme,65,5.2,12.8,81.6,62.7,51.5,66.8,0,stub-1,1.0,1.0
1,B,W6,DC,Extreme,65,5.2,46.8,47.2,72.0,56.8,66.9,0,stub-1,1.0,1.0
1,B,W7,DC,Extreme,65,5.2,21.7,17.3,71.7,53.8,67.1,0,stub-1,1.0,1.0
1,B,W0,AC,Extreme,65,5.2,21.7,50.0,65.0,54.5,69.6,0,stub-1,1.0,1.0
1,B,W1,AC,Extreme,65,5.2,75.7,27.5,79.6,68.7,72.5,0,stub-1,1.0,1.0
1,B,W2,AC,Extreme,65,5.2,86.6,60.2,89.1,69.7,72.1,0,stub-1,1.0,1.0
1,B,W3,AC,Extreme,65,5.2,44.9,13.9,69.7,62.6,69.5,0,stub-1,1.0,1.0
1,B,W4,AC,Extreme,65,5.2,66.4,72.0,78.8,67.3,74.2,0,stub-1,1.0,1.0
1,B,W5,AC,Extreme,65,5.2,19.4,66.5,58.4,50.9,66.3,0,stub-1,1.0,1.0
1,B,W6,AC,Extreme,65,5.2,20.1,17.3,62.0,53.4,67.5,0,stub-1,1.0,1.0
1,B,W7,AC,Extreme,65,5.2,54.9,73.6,78.0,61.0,69.9,0,stub-1,1.0,1.0
1,B,W0,DC,Extreme,65,5.2,84.7,38.1,91.7,68.4,74.2,0,stub-1,1.0,1.0
1,B,W1,DC,Extreme,65,5.2,92.0,39.7,88.6,70.0,73.1,0,stub-1,1.0,1.0
1,B,W2,DC,Extreme,65,5.2,7.6,23.4,63.7,50.9,65.5,0,stub-1,1.0,1.0
1,B,W3,DC,Extreme,65,5.2,66.7,37.6,75.7,67.8,72.1,0,stub-1,1.0,1.0
1,B,W4,DC,Extreme,65,5.2,53.9,82.6,73.5,60.1,69.0,0,stub-1,1.0,1.0
1,B,W5,DC,Extreme,65,5.2,27.0,92.6,65.8,55.0,68.3,0,stub-1,1.0,1.0
1,B,W6,DC,Extreme,65,5.2,54.8,23.5,73.6,62.0,71.8,0,stub-1,1.0,1.0
1,B,W7,DC,Extreme,65,5.2,66.6,88.4,74.6,68.1,72.7,0,stub-1,1.0,1.0
1,B,W0,AC,Quiet,25,3.8,69.2,5.2,66.1,37.0,63.2,0,stub-1,1.0,1.0
1,B,W1,AC,Quiet,25,3.8,56.2,5.8,58.9,29.3,60.9,0,stub-1,1.0,1.0
1,B,W2,AC,Quiet,25,3.8,58.1,79.2,62.0,33.6,62.0,0,stub-1,1.0,1.0
1,B,W3,AC,Quiet,25,3.8,88.9,29.1,73.7,43.2,62.9,0,stub-1,1.0,1.0
1,B,W4,AC,Quiet,25,3.8,34.1,92.0,49.4,29.0,61.7,0,stub-1,1.0,1.0
1,B,W5,AC,Quiet,25,3.8,14.9,72.2,50.2,22.1,57.6,0,stub-1,1.0,1.0
1,B,W6,AC,Quiet,25,3.8,37.8,64.6,63.5,26.4,60.3,0,stub-1,1.0,1.0
1,B,W7,AC,Quiet,25,3.8,63.8,19.5,61.4,34.6,59.2,0,stub-1,1.0,1.0
1,B,W0,DC,Quiet,25,3.8,37.3,86.0,54.1,29.2,59.7,0,stub-1,1.0,1.0
1,B,W1,DC,Quiet,25,3.8,58.0,77.1,61.4,34.7,62.6,0,stub-1,1.0,1.0
1,B,W2,DC,Quiet,25,3.8,56.7,55.4,56.4,34.4,61.6,0,stub-1,1.0,1.0
1,B,W3,DC,Quiet,25,3.8,26.3,73.1,51.2,25.4,60.7,0,stub-1,1.0,1.0
1,B,W4,DC,Quiet,25,3.8,26.7,13.3,48.2,25.6,56.7,0,stub-1,1.0,1.0
1,B,W5,DC,Quiet,25,3.8,65.3,80.1,66.4,33.1,61.1,0,stub-1,1.0,1.0
1,B,W6,DC,Quiet,25,3.8,88.1,59.4,68.9,42.0,64.9,0,stub-1,1.0,1.0
1,B,W7,DC,Quiet,25,3.8,13.0,63.4,48.7,20.2,56.7,0,stub-1,1.0,1.0
1,B,W0,AC,Quiet,25,3.8,51.1,89.3,58.1,32.8,60.0,0,stub-1,1.0,1.0
1,B,W1,AC,Quiet,25,3.8,86.9,68.6,70.5,39.9,63.3,0,stub-1,1.0,1.0
1,B,W2,AC,Quiet,25,3.8,9.1,16.0,48.7,18.4,56.6,1,stub-1,1.0,1.0
1,B,W3,AC,Quiet,25,3.8,50.6,35.2,61.4,34.2,62.4,0,stub-1,1.0,1.0
1,B,W4,AC,Quiet,25,3.8,69.5,51.0,65.4,39.0,60.6,0,stub-1,1.0,1.0
1,B,W5,AC,Quiet,25,3.8,86.2,5.3,69.6,41.1,64.9,0,stub-1,1.0,1.0
1,B,W6,AC,Quiet,25,3.8,22.9,12.9,46.4,18.4,54.8,0,stub-1,1.0,1.0
1,B,W7,AC,Quiet,25,3.8,65.4,25.0,64.0,32.9,61.8,0,stub-1,1.0,1.0
1,B,W0,DC,Balance,40,4.8,43.8,19.0,70.8,41.9,67.0,0,stub-1,1.0,1.0
1,B,W1,DC,Balance,40,4.8,14.0,50.2,58.7,31.7,60.2,0,stub-1,1.0,1.0
1,B,W2,DC,Balance,40,4.8,65.3,49.6,74.4,44.8,67.2,0,stub-1,1.0,1.0
1,B,W3,DC,Balance,40,4.8,17.7,48.5,57.9,36.1,63.3,0,stub-1,1.0,1.0
1,B,W4,DC,Balance,40,4.8,67.8,57.0,75.1,46.9,64.8,0,stub-1,1.0,1.0
1,B,W5,DC,Balance,40,4.8,34.0,9.8,59.5,35.5,60.2,0,stub-1,1.0,1.0
1,B,W6,DC,Balance,40,4.8,36.3,67.6,62.2,41.2,62.7,0,stub-1,1.0,1.0
1,B,W7,DC,Balance,40,4.8,44.4,5.3,75.8,43.6,65.6,0,stub-1,1.0,1.0
1,B,W0,AC,Balance,40,4.8,82.8,62.3,81.8,54.3,67.8,0,stub-1,1.0,1.0
1,B,W1,AC,Balance,40,4.8,39.3,65.4,64.7,40.2,63.1,0,stub-1,1.0,1.0
1,B,W2,AC,Balance,40,4.8,36.8,83.7,68.1,38.9,64.8,0,stub-1,1.0,1.0
1,B,W3,AC,Balance,40,4.8,57.9,92.2,68.6,41.5,60.6,0,stub-1,1.0,1.0
1,B,W4,AC,Balance,40,4.8,55.9,22.7,67.4,43.7,63.5,0,stub-1,1.0,1.0
1,B,W5,AC,Balance,40,4.8,57.9,25.0,73.9,44.1,66.2,0,stub-1,1.0,1.0
1,B,W6,AC,Balance,40,4.8,50.4,42.7,68.3,41.4,62.3,0,stub-1,1.0,1.0
1,B,W7,AC,Balance,40,4.8,74.3,68.3,75.5,49.2,64.4,0,stub-1,1.0,1.0
1,B,W0,DC,Balance,40,4.8,27.4,88.3,60.0,36.4,61.4,0,stub-1,1.0,1.0
1,B,W1,DC,Balance,40,4.8,68.8,78.7,77.4,44.1,64.7,0,stub-1,1.0,1.0
1,B,W2,DC,Balance,40,4.8,24.2,45.7,60.4,37.0,60.4,0,stub-1,1.0,1.0
1,B,W3,DC,Balance,40,4.8,23.7,26.0,65.7,36.2,59.5,0,stub-1,1.0,1.0
1,B,W4,DC,Balance,40,4.8,65.9,62.2,72.8,45.0,66.1,1,stub-1,1.0,1.0
1,B,W5,DC,Balance,40,4.8,91.6,52.2,81.9,50.7,63.3,0,stub-1,1.0,1.0
1,B,W6,DC,Balance,40,4.8,77.4,25.6,76.1,50.3,67.3,0,stub-1,1.0,1.0
1,B,W7,DC,Balance,40,4.8,48.9,38.2,64.2,41.8,65.4,0,stub-1,1.0,1.0
1,B,W0,AC,Beast,65,5.0,69.1,85.6,80.4,62.5,69.4,0,stub-1,1.0,1.0
1,B,W1,AC,Beast,65,5.0,33.3,92.7,68.0,56.9,69.7,0,stub-1,1.0,1.0
1,B,W2,AC,Beast,65,5.0,30.3,88.0,67.6,54.2,69.9,0,stub-1,1.0,1.0
1,B,W3,AC,Beast,65,5.0,22.3,74.5,58.7,52.9,68.0,0,stub-1,1.0,1.0
1,B,W4,AC,Beast,65,5.0,86.3,44.6,78.4,71.8,74.1,0,stub-1,1.0,1.0
1,B,W5,AC,Beast,65,5.0,39.1,6.0,69.1,55.6,70.3,0,stub-1,1.0,1.0
1,B,W6,AC,Beast,65,5.0,35.0,66.2,65.9,56.0,70.8,0,stub-1,1.0,1.0
1,B,W7,AC,Beast,65,5.0,60.0,31.4,74.9,64.6,74.4,0,stub-1,1.0,1.0
1,B,W0,DC,Beast,65,5.0,86.8,26.0,78.4,69.0,73.0,0,stub-1,1.0,1.0
1,B,W1,DC,Beast,65,5.0,34.3,63.0,67.8,54.8,67.1,0,stub-1,1.0,1.0
1,B,W2,DC,Beast,65,5.0,16.0,24.2,60.8,53.9,65.7,0,stub-1,1.0,1.0
1,B,W3,DC,Beast,65,5.0,93.8,26.6,88.7,73.1,73.7,0,stub-1,1.0,1.0
1,B,W4,DC,Beast,65,5.0,57.9,38.9,78.9,63.7,71.7,0,stub-1,1.0,1.0
1,B,W5,DC,Beast,65,5.0,48.1,93.8,68.8,62.1,71.2,0,stub-1,1.0,1.0
1,B,W6,DC,Beast,65,5.0,25.5,61.2,65.6,50.6,65.3,0,stub-1,1.0,1.0
1,B,W7,DC,Beast,65,5.0,77.0,14.4,78.2,67.6,75.2,0,stub-1,1.0,1.0
1,B,W0,AC,Beast,65,5.0,44.6,94.4,72.8,60.6,70.2,0,stub-1,1.0,1.0
1,B,W1,AC,Beast,65,5.0,13.4,13.2,61.4,49.8,67.6,0,stub-1,1.0,1.0
1,B,W2,AC,Beast,65,5.0,50.7,31.0,70.6,58.7,70.4,0,stub-1,1.0,1.0
1,B,W3,AC,Beast,65,5.0,49.4,38.5,71.1,61.5,69.7,0,stub-1,1.0,1.0
1,B,W4,AC,Beast,65,5.0,84.0,37.2,78.9,72.0,73.1,1,stub-1,1.0,1.0
1,B,W5,AC,Beast,65,5.0,91.0,38.2,82.0,73.6,76.2,0,stub-1,1.0,1.0
1,B,W6,AC,Beast,65,5.0,52.9,34.5,69.6,64.9,70.9,0,stub-1,1.0,1.0
1,B,W7,AC,Beast,65,5.0,91.1,37.5,85.7,70.5,74.2,0,stub-1,1.0,1.0
1,B,W0,DC,Extreme,65,5.2,64.6,64.8,75.0,65.3,72.1,0,stub-1,1.0,1.0
1,B,W1,DC,Extreme,65,5.2,46.2,79.9,78.0,57.5,70.8,0,stub-1,1.0,1.0
1,B,W2,DC,Extreme,65,5.2,7.6,24.8,66.3,49.0,65.4,0,stub-1,1.0,1.0
1,B,W3,DC,Extreme,65,5.2,22.8,20.6,63.0,51.8,65.3,0,stub-1,1.0,1.0
1,B,W4,DC,Extreme,65,5.2,28.3,63.0,70.4,57.2,69.9,0,stub-1,1.0,1.0
1,B,W5,DC,Extreme,65,5.2,54.6,17.1,78.2,59.2,69.9,0,stub-1,1.0,1.0
1,B,W6,DC,Extreme,65,5.2,17.1,32.8,63.0,50.0,64.5,0,stub-1,1.0,1.0
1,B,W7,DC,Extreme,65,5.2,56.4,25.0,72.1,58.9,70.6,0,stub-1,1.0,1.0
1,B,W0,AC,Extreme,65,5.2,56.0,72.8,73.3,64.0,74.1,0,stub-1,1.0,1.0
1,B,W1,AC,Extreme,65,5.2,63.8,14.6,76.6,64.0,71.1,0,stub-1,1.0,1.0
1,B,W2,AC,Extreme,65,5.2,89.1,92.5,84.4,69.4,73.8,0,stub-1,1.0,1.0
1,B,W3,AC,Extreme,65,5.2,51.9,6.4,72.8,62.9,70.0,0,stub-1,1.0,1.0
1,B,W4,AC,Extreme,65,5.2,79.7,67.0,76.3,67.7,73.6,0,stub-1,1.0,1.0
1,B,W5,AC,Extreme,65,5.2,7.3,35.3,68.0,50.4,66.9,0,stub-1,1.0,1.0
1,B,W6,AC,Extreme,65,5.2,61.2,15.9,78.3,65.1,71.2,0,stub-1,1.0,1.0
1,B,W7,AC,Extreme,65,5.2,86.5,83.3,90.7,72.4,74.2,0,stub-1,1.0,1.0
1,B,W0,DC,Extreme,65,5.2,76.6,30.3,86.2,66.1,72.0,0,stub-1,1.0,1.0
1,B,W1,DC,Extreme,65,5.2,13.2,88.3,61.4,48.6,65.3,0,stub-1,1.0,1.0
1,B,W2,DC,Extreme,65,5.2,82.6,17.9,81.9,67.1,72.9,0,stub-1,1.0,1.0
1,B,W3,DC,Extreme,65,5.2,91.1,30.3,82.1,71.3,71.1,0,stub-1,1.0,1.0
1,B,W4,DC,Extreme,65,5.2,27.3,67.6,65.7,55.7,69.3,0,stub-1,1.0,1.0
1,B,W5,DC,Extreme,65,5.2,50.9,50.1,81.3,64.3,71.9,0,stub-1,1.0,1.0
1,B,W6,DC,Extreme,65,5.2,72.1,83.8,78.7,67.6,71.3,0,stub-1,1.0,1.0
1,B,W7,DC,Extreme,65,5.2,64.2,41.5,81.8,63.3,71.0,0,stub-1,1.0,1.0
1,B,W0,AC,Quiet,25,3.8,87.7,47.5,63.0,41.0,64.1,0,stub-1,1.0,1.0
1,B,W1,AC,Quiet,25,3.8,36.8,78.1,58.6,29.3,59.9,0,stub-1,1.0,1.0
1,B,W2,AC,Quiet,25,3.8,62.2,48.4,58.3,36.4,62.1,1,stub-1,1.0,1.0
1,B,W3,AC,Quiet,25,3.8,76.9,27.9,68.4,39.6,61.2,0,stub-1,1.0,1.0
1,B,W4,AC,Quiet,25,3.8,59.1,61.3,63.9,36.2,60.9,0,stub-1,1.0,1.0
1,B,W5,AC,Quiet,25,3.8,66.0,78.4,68.0,32.8,61.3,0,stub-1,1.0,1.0
1,B,W6,AC,Quiet,25,3.8,90.8,22.0,71.6,43.2,63.3,0,stub-1,1.0,1.0
1,B,W7,AC,Quiet,25,3.8,24.9,83.0,50.6,24.0,57.9,0,stub-1,1.0,1.0
1,B,W0,DC,Quiet,25,3.8,21.5,57.0,51.0,26.1,56.6,0,stub-1,1.0,1.0
1,B,W1,DC,Quiet,25,3.8,50.3,80.3,57.0,36.0,62.0,0,stub-1,1.0,1.0
1,B,W2,DC,Quiet,25,3.8,22.9,8.4,50.5,21.8,55.6,0,stub-1,1.0,1.0
1,B,W3,DC,Quiet,25,3.8,32.6,70.4,52.3,27.2,60.5,0,stub-1,1.0,1.0
1,B,W4,DC,Quiet,25,3.8,63.3,38.4,60.3,34.9,59.8,0,stub-1,1.0,1.0
1,B,W5,DC,Quiet,25,3.8,54.6,71.0,55.4,35.6,63.2,0,stub-1,1.0,1.0
1,B,W6,DC,Quiet,25,3.8,83.3,9.5,67.0,40.9,63.3,0,stub-1,1.0,1.0
1,B,W7,DC,Quiet,25,3.8,49.0,27.5,58.7,30.4,61.2,0,stub-1,1.0,1.0
1,B,W0,AC,Quiet,25,3.8,38.4,76.0,54.2,27.4,58.6,0,stub-1,1.0,1.0
1,B,W1,AC,Quiet,25,3.8,34.6,14.7,53.8,26.2,55.7,0,stub-1,1.0,1.0
1,B,W2,AC,Quiet,25,3.8,94.6,23.8,75.1,43.7,61.4,0,stub-1,1.0,1.0
1,B,W3,AC,Quiet,25,3.8,33.1,11.5,56.6,29.3,58.7,0,stub-1,1.0,1.0
1,B,W4,AC,Quiet,25,3.8,44.7,44.3,56.9,26.2,57.3,0,stub-1,1.0,1.0
1,B,W5,AC,Quiet,25,3.8,85.2,41.7,67.8,39.2,61.1,0,stub-1,1.0,1.0
1,B,W6,AC,Quiet,25,3.8,46.5,56.7,56.8,33.0,61.0,0,stub-1,1.0,1.0
1,B,W7,AC,Quiet,25,3.8,38.2,84.3,53.5,28.6,59.0,0,stub-1,1.0,1.0
1,B,W0,DC,Balance,40,4.8,61.4,61.9,74.3,43.5,65.1,0,stub-1,1.0,1.0
1,B,W1,DC,Balance,40,4.8,69.1,70.5,76.4,48.2,67.9,0,stub-1,1.0,1.0
1,B,W2,DC,Balance,40,4.8,64.1,64.2,76.4,46.4,64.3,0,stub-1,1.0,1.0
1,B,W3,DC,Balance,40,4.8,16.5,65.3,63.4,32.9,63.1,0,stub-1,1.0,1.0
1,B,W4,DC,Balance,40,4.8,32.5,54.1,64.8,36.9,61.9,0,stub-1,1.0,1.0
1,B,W5,DC,Balance,40,4.8,7.3,70.2,56.1,30.4,60.3,0,stub-1,1.0,1.0
1,B,W6,DC,Balance,40,4.8,40.5,50.1,65.2,40.5,61.9,0,stub-1,1.0,1.0
1,B,W7,DC,Balance,40,4.8,92.1,39.5,80.6,52.0,67.6,0,stub-1,1.0,1.0
1,B,W0,AC,Balance,40,4.8,92.2,34.0,77.6,50.4,64.7,0,stub-1,1.0,1.0
1,B,W1,AC,Balance,40,4.8,30.1,14.9,66.8,39.3,63.2,0,stub-1,1.0,1.0
1,B,W2,AC,Balance,40,4.8,83.7,23.3,73.9,52.4,67.2,0,stub-1,1.0,1.0
1,B,W3,AC,Balance,40,4.8,43.3,89.5,69.0,41.8,63.0,0,stub-1,1.0,1.0
1,B,W4,AC,Balance,40,4.8,55.5,42.5,73.9,44.3,65.6,0,stub-1,1.0,1.0
1,B,W5,AC,Balance,40,4.8,68.9,10.7,73.2,48.2,65.5,0,stub-1,1.0,1.0
1,B,W6,AC,Balance,40,4.8,32.1,69.4,67.1,38.0,63.5,0,stub-1,1.0,1.0
1,B,W7,AC,Balance,40,4.8,6.4,18.6,59.4,31.2,60.5,0,stub-1,1.0,1.0
1,B,W0,DC,Balance,40,4.8,13.1,22.5,57.3,32.7,61.1,0,stub-1,1.0,1.0
1,B,W1,DC,Balance,40,4.8,27.7,26.7,60.1,36.9,61.5,0,stub-1,1.0,1.0
1,B,W2,DC,Balance,40,4.8,71.8,13.8,78.2,47.4,63.1,0,stub-1,1.0,1.0
1,B,W3,DC,Balance,40,4.8,10.8,67.4,54.8,29.5,58.1,0,stub-1,1.0,1.0
1,B,W4,DC,Balance,40,4.8,30.0,49.7,64.8,39.2,62.3,0,stub-1,1.0,1.0
1,B,W5,DC,Balance,40,4.8,29.7,62.8,67.4,40.2,64.5,0,stub-1,1.0,1.0
1,B,W6,DC,Balance,40,4.8,49.6,25.6,71.8,43.9,62.0,0,stub-1,1.0,1.0
1,B,W7,DC,Balance,40,4.8,38.6,42.1,65.9,40.7,62.5,0,stub-1,1.0,1.0
1,B,W0,AC,Beast,65,5.0,93.3,85.3,90.8,71.7,74.0,0,stub-1,1.0,1.0
1,B,W1,AC,Beast,65,5.0,60.1,23.4,79.8,66.3,72.2,0,stub-1,1.0,1.0
1,B,W2,AC,Beast,65,5.0,77.9,55.2,84.6,69.9,74.0,0,stub-1,1.0,1.0
1,B,W3,AC,Beast,65,5.0,22.5,46.6,65.9,53.4,67.0,0,stub-1,1.0,1.0
1,B,W4,AC,Beast,65,5.0,64.5,14.4,71.3,65.0,71.6,0,stub-1,1.0,1.0
1,B,W5,AC,Beast,65,5.0,91.4,40.2,82.3,69.8,74.1,0,stub-1,1.0,1.0
1,B,W6,AC,Beast,65,5.0,67.7,71.6,74.7,63.7,69.7,0,stub-1,1.0,1.0
1,B,W7,AC,Beast,65,5.0,21.9,90.4,62.1,56.9,68.3,0,stub-1,1.0,1.0
1,B,W0,DC,Beast,65,5.0,94.3,46.9,85.1,71.0,73.8,0,stub-1,1.0,1.0
1,B,W1,DC,Beast,65,5.0,89.5,80.0,77.8,72.2,73.5,0,stub-1,1.0,1.0
1,B,W2,DC,Beast,65,5.0,75.9,47.8,77.6,69.3,74.1,0,stub-1,1.0,1.0
1,B,W3,DC,Beast,65,5.0,65.3,20.3,70.3,66.2,73.8,0,stub-1,1.0,1.0
1,B,W4,DC,Beast,65,5.0,24.1,35.3,65.6,54.7,67.9,0,stub-1,1.0,1.0
1,B,W5,DC,Beast,65,5.0,34.6,81.4,65.1,56.3,69.8,0,stub-1,1.0,1.0
1,B,W6,DC,Beast,65,5.0,40.5,6.1,66.2,59.1,72.7,0,stub-1,1.0,1.0
1,B,W7,DC,Beast,65,5.0,38.8,5.0,68.8,59.2,69.5,0,stub-1,1.0,1.0
1,B,W0,AC,Beast,65,5.0,27.8,7.2,69.1,56.8,67.3,0,stub-1,1.0,1.0
1,B,W1,AC,Beast,65,5.0,27.2,30.8,63.4,56.7,68.6,0,stub-1,1.0,1.0
1,B,W2,AC,Beast,65,5.0,94.1,84.8,88.0,75.0,77.6,0,stub-1,1.0,1.0
1,B,W3,AC,Beast,65,5.0,67.6,54.5,77.0,65.8,71.2,0,stub-1,1.0,1.0
1,B,W4,AC,Beast,65,5.0,53.6,28.9,70.9,62.5,70.4,0,stub-1,1.0,1.0
1,B,W5,AC,Beast,65,5.0,61.5,58.9,71.0,67.0,71.2,0,stub-1,1.0,1.0
1,B,W6,AC,Beast,65,5.0,56.0,34.4,75.8,61.5,71.6,0,stub-1,1.0,1.0
1,B,W7,AC,Beast,65,5.0,68.6,88.8,78.3,63.8,69.6,0,stub-1,1.0,1.0
1,B,W0,DC,Extreme,65,5.2,89.4,75.0,81.7,71.8,74.2,0,stub-1,1.0,1.0
1,B,W1,DC,Extreme,65,5.2,14.9,60.8,61.3,52.2,66.2,0,stub-1,1.0,1.0
1,B,W2,DC,Extreme,65,5.2,66.5,85.3,79.6,65.8,70.7,0,stub-1,1.0,1.0
1,B,W3,DC,Extreme,65,5.2,94.7,45.1,86.4,73.2,72.6,0,stub-1,1.0,1.0
1,B,W4,DC,Extreme,65,5.2,20.6,92.5,66.1,53.8,67.6,0,stub-1,1.0,1.0
1,B,W5,DC,Extreme,65,5.2,42.1,90.9,71.8,55.4,69.9,0,stub-1,1.0,1.0
1,B,W6,DC,Extreme,65,5.2,75.2,57.8,81.0,69.0,71.7,0,stub-1,1.0,1.0
1,B,W7,DC,Extreme,65,5.2,63.1,50.5,77.6,63.0,72.9,0,stub-1,1.0,1.0
1,B,W0,AC,Extreme,65,5.2,94.7,23.2,86.1,72.7,74.9,0,stub-1,1.0,1.0
1,B,W1,AC,Extreme,65,5.2,43.1,80.3,72.4,57.3,65.4,0,stub-1,1.0,1.0
1,B,W2,AC,Extreme,65,5.2,80.3,57.7,81.9,68.5,72.1,0,stub-1,1.0,1.0
1,B,W3,AC,Extreme,65,5.2,10.9,53.8,64.4,49.0,67.4,0,stub-1,1.0,1.0
1,B,W4,AC,Extreme,65,5.2,41.4,14.2,70.8,55.0,67.6,0,stub-1,1.0,1.0
1,B,W5,AC,Extreme,65,5.2,83.4,93.8,82.3,69.5,72.9,0,stub-1,1.0,1.0
1,B,W6,AC,Extreme,65,5.2,84.1,64.9,82.2,74.1,76.4,0,stub-1,1.0,1.0
1,B,W7,AC,Extreme,65,5.2,27.3,56.9,61.8,53.7,68.6,0,stub-1,1.0,1.0
1,B,W0,DC,Extreme,65,5.2,73.5,60.5,78.5,69.1,74.9,0,stub-1,1.0,1.0
1,B,W1,DC,Extreme,65,5.2,87.2,55.9,82.5,70.9,73.8,0,stub-1,1.0,1.0
1,B,W2,DC,Extreme,65,5.2,46.4,54.7,71.6,54.6,66.9,0,stub-1,1.0,1.0
1,B,W3,DC,Extreme,65,5.2,53.0,68.4,72.2,61.9,70.6,0,stub-1,1.0,1.0
1,B,W4,DC,Extreme,65,5.2,33.8,83.9,74.2,57.9,71.4,0,stub-1,1.0,1.0
1,B,W5,DC,Extreme,65,5.2,26.4,39.3,68.0,55.1,70.6,0,stub-1,1.0,1.0
1,B,W6,DC,Extreme,65,5.2,52.6,59.5,72.7,63.8,73.8,0,stub-1,1.0,1.0
1,B,W7,DC,Extreme,65,5.2,90.7,27.2,83.7,69.4,73.1,0,stub-1,1.0,1.0
1,B,W0,AC,Quiet,25,3.8,36.1,77.3,55.6,30.1,60.0,0,stub-1,1.0,1.0
1,B,W1,AC,Quiet,25,3.8,6.7,29.4,38.6,15.4,54.6,0,stub-1,1.0,1.0
1,B,W2,AC,Quiet,25,3.8,19.7,80.7,46.2,25.0,58.2,0,stub-1,1.0,1.0
1,B,W3,AC,Quiet,25,3.8,19.0,17.0,48.5,22.3,59.0,0,stub-1,1.0,1.0
1,B,W4,AC,Quiet,25,3.8,57.2,16.0,60.9,31.0,61.6,0,stub-1,1.0,1.0
1,B,W5,AC,Quiet,25,3.8,24.5,89.6,54.9,25.3,56.8,0,stub-1,1.0,1.0
1,B,W6,AC,Quiet,25,3.8,5.1,83.1,45.8,18.9,55.9,0,stub-1,1.0,1.0
1,B,W7,AC,Quiet,25,3.8,62.0,79.9,55.9,36.3,61.6,0,stub-1,1.0,1.0
1,B,W0,DC,Quiet,25,3.8,80.1,87.9,64.3,42.0,62.5,0,stub-1,1.0,1.0
1,B,W1,DC,Quiet,25,3.8,56.0,29.8,54.0,32.9,62.4,0,stub-1,1.0,1.0
1,B,W2,DC,Quiet,25,3.8,17.2,82.4,50.2,21.9,55.9,0,stub-1,1.0,1.0
1,B,W3,DC,Quiet,25,3.8,75.1,74.0,60.5,37.6,62.8,0,stub-1,1.0,1.0
1,B,W4,DC,Quiet,25,3.8,30.4,74.4,46.8,27.0,58.8,0,stub-1,1.0,1.0
1,B,W5,DC,Quiet,25,3.8,84.2,19.6,68.5,43.3,65.3,0,stub-1,1.0,1.0
1,B,W6,DC,Quiet,25,3.8,13.2,65.1,49.4,22.6,55.3,0,stub-1,1.0,1.0
1,B,W7,DC,Quiet,25,3.8,41.8,45.5,50.2,31.0,60.1,0,stub-1,1.0,1.0
1,B,W0,AC,Quiet,25,3.8,26.8,76.0,50.0,21.9,54.4,0,stub-1,1.0,1.0
1,B,W1,AC,Quiet,25,3.8,16.4,39.7,47.4,22.2,58.0,0,stub-1,1.0,1.0
1,B,W2,AC,Quiet,25,3.8,71.5,24.3,62.6,38.4,63.9,0,stub-1,1.0,1.0
1,B,W3,AC,Quiet,25,3.8,39.2,87.9,51.4,30.6,59.1,0,stub-1,1.0,1.0
1,B,W4,AC,Quiet,25,3.8,56.0,82.6,59.3,34.5,62.5,0,stub-1,1.0,1.0
1,B,W5,AC,Quiet,25,3.8,19.1,43.9,51.2,25.6,57.9,0,stub-1,1.0,1.0
1,B,W6,AC,Quiet,25,3.8,39.4,80.5,57.0,27.4,60.1,0,stub-1,1.0,1.0
1,B,W7,AC,Quiet,25,3.8,71.6,88.1,66.7,36.1,60.5,0,stub-1,1.0,1.0
1,B,W0,DC,Balance,40,4.8,51.3,30.9,66.4,43.5,67.0,0,stub-1,1.0,1.0
1,B,W1,DC,Balance,40,4.8,88.4,48.0,76.5,53.4,67.5,0,stub-1,1.0,1.0
1,B,W2,DC,Balance,40,4.8,87.9,62.6,82.0,50.8,67.1,0,stub-1,1.0,1.0
1,B,W3,DC,Balance,40,4.8,78.8,38.7,77.2,50.5,65.8,0,stub-1,1.0,1.0
1,B,W4,DC,Balance,40,4.8,72.7,47.2,73.9,49.0,66.9,1,stub-1,1.0,1.0
1,B,W5,DC,Balance,40,4.8,93.0,24.9,76.6,52.1,68.3,0,stub-1,1.0,1.0
1,B,W6,DC,Balance,40,4.8,56.9,85.1,75.1,43.2,63.7,0,stub-1,1.0,1.0
1,B,W7,DC,Balance,40,4.8,11.2,51.7,59.4,30.4,58.8,0,stub-1,1.0,1.0
1,B,W0,AC,Balance,40,4.8,93.4,42.2,79.5,55.4,70.1,0,stub-1,1.0,1.0
1,B,W1,AC,Balance,40,4.8,58.2,53.8,77.8,43.2,64.6,0,stub-1,1.0,1.0
1,B,W2,AC,Balance,40,4.8,33.4,49.4,56.7,39.9,62.0,1,stub-1,1.0,1.0
1,B,W3,AC,Balance,40,4.8,19.3,36.1,59.8,35.3,58.3,0,stub-1,1.0,1.0
1,B,W4,AC,Balance,40,4.8,26.3,75.2,59.1,37.1,61.6,1,stub-1,1.0,1.0
1,B,W5,AC,Balance,40,4.8,65.1,67.0,73.2,43.0,66.4,0,stub-1,1.0,1.0
1,B,W6,AC,Balance,40,4.8,78.8,32.2,80.7,50.9,66.2,0,stub-1,1.0,1.0
1,B,W7,AC,Balance,40,4.8,8.9,48.8,55.9,34.9,61.7,0,stub-1,1.0,1.0
1,B,W0,DC,Balance,40,4.8,61.3,30.1,70.3,45.8,65.4,0,stub-1,1.0,1.0
1,B,W1,DC,Balance,40,4.8,78.4,45.8,78.9,49.4,64.9,0,stub-1,1.0,1.0
1,B,W2,DC,Balance,40,4.8,77.6,58.6,75.2,47.9,64.9,0,stub-1,1.0,1.0
1,B,W3,DC,Balance,40,4.8,65.5,52.9,72.8,45.8,64.5,0,stub-1,1.0,1.0
1,B,W4,DC,Balance,40,4.8,35.1,25.8,65.3,38.3,59.5,0,stub-1,1.0,1.0
1,B,W5,DC,Balance,40,4.8,69.7,32.1,76.8,47.9,68.1,0,stub-1,1.0,1.0
1,B,W6,DC,Balance,40,4.8,31.9,70.1,61.1,40.4,60.7,0,stub-1,1.0,1.0
1,B,W7,DC,Balance,40,4.8,93.7,39.1,79.0,54.0,67.9,0,stub-1,1.0,1.0
